timestamp,passenger_count,trip_distance,total_amount,humidity,pressure,temperature,weather_description,wind_direction,wind_speed
1042574400,1,0.0,2.3,,,,,,
978760800,1,0.0,3.8,,,,,,
978307200,1,0.0,3.8,,,,,,
1042567200,1,0.0,2.3,,,,,,
1516453200,1,0.0,6.3,,,,,,
1042502400,1,0.0,2.3,,,,,,
1042574400,1,0.0,2.3,,,,,,
978760800,1,0.0,3.8,,,,,,
978307200,1,0.0,3.8,,,,,,
1042567200,1,0.0,2.3,,,,,,
1454950800,32735,-3337066.3800000013,317594.3399999356,88.0,1009.0,273.74,fog,40.0,3.0
1516453200,1,0.0,6.3,,,,,,
1042502400,1,0.0,2.3,,,,,,
1230757200,5,0.61,6.8,,,,,,
1510686000,32606,53850.260000000235,330192.7099999413,,,,,,
1509800400,31829,47248.07000000017,278149.539999948,,,,,,
1511528400,22418,34495.80999999998,183275.8099999863,,,,,,
1514401200,26229,41574.36999999995,256100.3599999611,,,,,,
1513206000,28219,59548.719999999805,315406.59999995003,,,,,,
1513155600,28924,43467.7399999998,288961.0399999516,,,,,,
1511254800,24902,38652.59999999996,248761.5899999664,,,,,,
1510185600,13063,26822.539999999946,134756.12000000762,,,,,,
1512352800,2807,6243.749999999992,27939.509999999438,,,,,,
1512201600,14867,26590.00000000003,132903.2500000094,,,,,,
1511708400,25656,49739.71999999995,259919.3799999611,,,,,,
1509418800,2120,5005.940000000001,22758.509999999682,,,,,,
1510048800,23660,39629.36999999976,249323.22999996602,,,,,,
1509663600,26880,55448.92000000033,285389.4799999589,,,,,,
1512712800,12825,28450.570000000014,136669.08000000595,,,,,,
1510304400,25917,42189.19000000017,264380.5499999613,,,,,,
1510462800,4312,14030.789999999995,59996.72000000157,,,,,,
1509818400,36446,53842.629999999954,319754.5199999316,,,,,,
1512086400,18872,36973.470000000016,190990.2799999868,,,,,,
1514296800,25720,42427.53999999993,227776.3799999668,,,,,,
1509494400,15804,28816.56999999996,148338.26000000286,,,,,,
1511402400,8556,17014.829999999987,81314.49000000488,,,,,,
1511546400,25210,36882.290000000095,219905.16999997172,,,,,,
1514242800,10268,20385.41999999994,95872.63000000606,,,,,,
1514361600,15155,26081.39999999996,134535.90000000884,,,,,,
1509904800,26206,48779.66000000016,264087.5299999609,,,,,,
1510902000,24393,43288.27999999975,242328.72999997032,,,,,,
1512853200,31134,46424.23000000002,269482.1099999551,,,,,,
1512270000,16510,30292.920000000096,150711.67000000196,,,,,,
1510387200,15330,26610.76999999996,137789.2100000069,,,,,,
1514386800,27513,44526.360000000284,263968.7699999533,,,,,,
1514484000,30720,44752.170000000166,291968.7999999433,,,,,,
1509703200,24706,43781.9699999999,268057.8699999601,,,,,,
1514397600,27253,41108.65999999999,274202.6599999501,,,,,,
1514127600,24311,36328.809999999976,197410.00999997678,,,,,,
1510290000,5397,16778.46000000001,76501.95000000285,,,,,,
1514646000,24649,39984.22999999999,213959.00999997286,,,,,,
1512237600,35319,51688.75999999978,322899.2099999323,,,,,,
1510070400,26764,45735.04000000009,291116.25999995304,,,,,,
1512079200,35018,68972.95999999992,370570.4199999315,,,,,,
1511928000,2574,7039.110000000011,31288.319999999552,,,,,,
1512583200,33981,53874.03000000013,370874.4799999301,,,,,,
1512115200,28060,44438.26000000007,272884.2099999601,,,,,,
1510138800,24252,38468.81000000005,255304.91999996442,,,,,,
1510801200,3060,6827.8900000000085,31436.309999999445,,,,,,
1514736000,24761,39155.75000000005,206441.66999997656,,,,,,
1512097200,4994,10559.979999999994,50801.130000001016,,,,,,
1513537200,26414,44447.21999999981,249053.8699999644,,,,,,
1513299600,19285,39611.25000000003,204080.259999985,,,,,,
1513191600,33935,52966.35999999986,355366.21999993455,,,,,,
1513933200,22765,35357.69000000003,205834.0299999789,,,,,,
1230850800,1,1.97,10.8,,,,,,
1509750000,33215,59289.75999999978,327415.369999936,,,,,,
1514073600,13118,23282.170000000016,115288.57000000928,,,,,,
1510966800,24286,41488.070000000116,222893.3399999736,,,,,,
1513040400,5952,12654.680000000042,59737.530000002174,,,,,,
1512158400,33270,54865.45999999965,329488.03999994,,,,,,
1511467200,19033,31037.85000000012,152530.35000000102,,,,,,
1510171200,32722,60876.680000000226,341010.4299999405,,,,,,
1512792000,8295,18490.649999999983,83670.83000000441,,,,,,
1509660000,32909,65129.150000000096,348080.6699999381,,,,,,
1511287200,30543,48837.810000000216,330359.44999993854,,,,,,
1511128800,17338,37481.62000000003,181141.83999999161,,,,,,
1513378800,36268,72834.26000000011,378976.46999992547,,,,,,
1509746400,35196,59757.31999999991,342651.92999993154,,,,,,
1510819200,28722,44585.76000000018,281548.8699999561,,,,,,
1511769600,24873,41688.700000000026,250973.60999996692,,,,,,
1512493200,28353,45921.90000000003,320657.4499999484,,,,,,
1509526800,25798,42363.5999999998,282650.33999996,,,,,,
1510113600,2601,7269.740000000009,32184.01999999955,,,,,,
1513857600,27651,42962.58000000003,274261.9999999554,,,,,,
1512698400,9025,17668.769999999964,88012.13000000486,,,,,,
1512219600,31187,49724.31999999991,290013.6199999446,,,,,,
1514293200,24108,37447.35999999998,203927.73999997712,,,,,,
1510729200,24350,41537.21000000012,234282.59999997125,,,,,,
1512810000,21318,32077.829999999947,170833.57999999245,,,,,,
1514217600,16938,29792.99000000005,144457.79000000528,,,,,,
1514689200,8419,16289.449999999995,78205.05000000421,,,,,,
1511985600,30403,56584.69999999975,318007.85999995,,,,,,
1511301600,25681,47146.11999999995,257663.48999996434,,,,,,
1510768800,34219,55486.06000000033,373352.3299999283,,,,,,
1509940800,2685,9604.939999999991,40467.600000000064,,,,,,
1230804000,1,0.66,7.3,,,,,,
1510045200,24108,38608.839999999866,247212.4999999704,,,,,,
1512324000,26593,49397.82999999999,276371.6899999573,,,,,,
1514667600,21254,38452.33999999998,197187.18999998274,,,,,,
1509249600,14739,30749.010000000035,146223.5400000037,,,,,,
1514494800,26000,44742.3700000003,240852.87999996546,,,,,,
1514743200,24677,34694.039999999986,190557.92999998172,,,,,,
1511971200,22211,43439.49999999982,282511.359999963,,,,,,
1511989200,32506,62109.54999999987,339935.29999994306,,,,,,
1510318800,28356,52018.64999999981,309913.5499999467,,,,,,
1513022400,29795,52805.08000000045,288791.0099999559,,,,,,
1514739600,25480,40150.81999999996,213411.26999997176,,,,,,
1511103600,29807,54413.67999999999,292228.6299999481,,,,,,
1510776000,32513,61038.86999999975,337407.37999994296,,,,,,
1514030400,29366,40482.780000000224,232557.86999996266,,,,,,
1513062000,23826,39483.20999999991,222834.24999997547,,,,,,
1510117200,4898,14022.530000000026,63542.7300000017,,,,,,
1510549200,5382,17389.799999999985,76089.67000000272,,,,,,
1509541200,24015,44126.94,272040.9799999607,,,,,,
1513468800,31962,54007.04000000006,306582.31999994325,,,,,,
1513490400,4455,13836.590000000002,59577.56000000173,,,,,,
1513087200,28395,51490.249999999716,315368.5899999448,,,,,,
1510707600,6564,12738.830000000007,63105.54000000258,,,,,,
1513731600,8888,17835.409999999945,88347.00000000495,,,,,,
1509955200,25227,42205.65999999989,258161.72999996535,,,,,,
1511982000,30751,52355.979999999974,326727.75999994576,,,,,,
1513216800,5740,11615.270000000004,57675.38000000171,,,,,,
1509688800,12782,28377.89000000004,136605.74000000648,,,,,,
1512997200,24281,48894.15999999996,260105.4699999636,,,,,,
1042574400,1,0.0,2.3,,,,,,
1512860400,35036,57687.93999999978,312588.5699999401,,,,,,
1513170000,27345,47958.22000000032,306874.7899999508,,,,,,
1510470000,7049,18244.770000000106,80768.80000000409,,,,,,
1510516800,21162,45246.53999999994,225723.92999997802,,,,,,
1512529200,2651,5816.089999999993,27027.79999999956,,,,,,
1513486800,4635,13717.42000000005,58648.570000001346,,,,,,
1513454400,31176,44865.9400000001,285546.74999994785,,,,,,
1514538000,18974,30188.96000000022,162051.0399999956,,,,,,
1510401600,27863,44174.360000000066,277188.2299999536,,,,,,
1514138400,21997,31084.270000000062,169275.09999999098,,,,,,
1230732000,6,22.49,96.72,,,,,,
1510502400,27538,55481.97999999992,296108.8399999539,,,,,,
1514412000,23262,43476.91999999991,222651.52999997366,,,,,,
1511431200,13741,23760.280000000053,117806.41000000818,,,,,,
1511395200,15157,27118.22000000005,135184.92000000848,,,,,,
1511413200,3805,12424.800000000007,53479.41000000104,,,,,,
1510916400,24777,40784.910000000295,258634.10999996355,,,,,,
1511312400,7660,15081.929999999958,72860.9700000039,,,,,,
1513792800,34491,52037.48000000003,350714.3799999295,,,,,,
1510635600,4826,14133.740000000018,63656.290000002,,,,,,
1512486000,27907,49159.70000000038,303228.4599999509,,,,,,
1230843600,1,9.65,52.73,,,,,,
1512932400,24988,45447.569999999934,243454.2499999664,,,,,,
1509289200,29374,49121.26999999999,279931.4899999493,,,,,,
1510513200,23888,47184.00000000054,244548.12999997163,,,,,,
1509361200,21435,36323.89000000013,217936.04999997548,,,,,,
1510761600,23837,47231.880000000085,301371.0799999587,,,,,,
1509724800,24596,47045.179999999884,300910.35999995325,,,,,,
1512151200,36520,56922.320000000094,381190.6699999198,,,,,,
1513854000,25625,38533.20999999998,247870.6199999621,,,,,,
1513360800,29644,45728.08999999962,327278.5499999427,,,,,,
1512990000,22532,41967.94999999968,241863.20999996824,,,,,,
1513861200,27003,45367.85999999999,278713.25999995467,,,,,,
1511974800,26517,46127.110000000124,313994.0299999517,,,,,,
1512104400,5209,15048.919999999993,67528.01000000215,,,,,,
1513533600,28309,49290.73,275585.47999995603,,,,,,
1509278400,32801,48210.03999999998,272932.7599999469,,,,,,
1509400800,24997,48995.15999999969,248880.19999996875,,,,,,
1513512000,32071,51802.14000000017,282796.049999949,,,,,,
1509951600,23121,44555.79,241129.62999997172,,,,,,
1514152800,17116,27570.39000000004,139860.67000000732,,,,,,
1509181200,21821,34403.3799999998,182632.0999999863,,,,,,
1510347600,34629,57861.179999999826,330720.4999999341,,,,,,
978760800,1,0.0,3.8,,,,,,
1509274800,28446,41665.13000000002,229321.4099999643,,,,,,
1514156400,13853,23782.839999999986,117851.70000001033,,,,,,
1510790400,13419,28393.67000000009,138462.87000000573,,,,,,
1513414800,21550,34160.259999999886,177528.64999998864,,,,,,
1514473200,30043,45881.00999999995,278196.0099999453,,,,,,
1512878400,8708,18637.460000000025,85891.07000000478,,,,,,
1512349200,4383,9926.669999999978,45383.42000000081,,,,,,
1512518400,13423,28852.05999999999,142585.44000000387,,,,,,
1514178000,1612,5998.050000000001,24252.93999999977,,,,,,
1511359200,27454,47183.509999999864,299796.3999999499,,,,,,
1512478800,25829,50410.92999999992,290060.2099999555,,,,,,
1513080000,25251,42359.52000000011,273943.14999995986,,,,,,
1509706800,24322,41452.03000000014,262907.4199999613,,,,,,
1512252000,31997,46921.699999999786,292420.7599999456,,,,,,
1513364400,33983,53339.14000000003,353899.66999992967,,,,,,
1514451600,20582,32260.949999999862,177191.25999998942,,,,,,
1514448000,16594,27233.33000000008,143600.57000000525,,,,,,
1510783200,31531,64070.750000000095,338913.90999994194,,,,,,
1510815600,25753,43580.76,246832.7999999689,,,,,,
1509242400,27378,48082.82999999977,255360.3899999641,,,,,,
1511154000,4786,13281.970000000018,59060.22000000157,,,,,,
1514750400,26880,41608.81999999972,228999.20999996827,,,,,,
1512313200,28751,57009.740000000194,307970.1499999499,,,,,,
1509386400,33860,56160.37000000033,343185.9699999323,,,,,,
1510200000,3060,8449.11999999999,37506.82999999981,,,,,,
1512723600,26908,45606.09999999993,284248.819999957,,,,,,
1514005200,4028,13475.599999999982,57645.46000000108,,,,,,
1513519200,31122,54948.949999999815,302723.729999945,,,,,,
1514066400,20205,33208.740000000085,175208.0999999906,,,,,,
1512176400,25392,43100.60999999997,230510.49999997136,,,,,,
1511823600,14867,35731.87000000002,170913.69999999454,,,,,,
1512021600,13306,26166.76000000005,130187.7300000094,,,,,,
1510700400,21416,45279.919999999904,225668.7499999771,,,,,,
1514761200,17376,29802.010000000013,152686.7200000005,,,,,,
1511856000,27186,42866.86999999997,268940.5399999623,,,,,,
1512946800,12985,32200.36999999993,146785.99000000194,,,,,,
1511139600,4362,9543.729999999996,43399.03000000045,,,,,,
1511564400,18444,30695.519999999902,156130.9899999996,,,,,,
1512248400,29904,44730.82999999998,275236.35999995336,,,,,,
1510243200,24637,48766.55000000029,313220.1799999562,,,,,,
1510678800,29319,49714.79000000001,329162.7199999435,,,,,,
1511258400,24318,38656.04999999997,242695.33999996755,,,,,,
1511791200,24266,49049.09999999979,265839.7599999599,,,,,,
1512673200,34875,57507.33,369613.1599999311,,,,,,
1513094400,24209,46357.850000000166,295828.4099999592,,,,,,
1513090800,26943,47142.45000000012,292285.7499999542,,,,,,
1509426000,4939,12475.87,56783.82000000161,,,,,,
1510034400,12929,24930.279999999995,122589.32000000912,,,,,,
1510995600,22739,35590.8099999999,188088.53999998415,,,,,,
1511632800,27912,47063.05000000007,256790.24999995853,,,,,,
1509847200,14351,24647.370000000054,125492.41000000961,,,,,,
1513159200,27371,42673.109999999935,280628.81999995577,,,,,,
1511118000,23965,45425.57000000002,234271.13999997085,,,,,,
1513278000,33197,53995.08999999954,364910.2499999343,,,,,,
1514084400,5977,12578.379999999996,57114.280000002276,,,,,,
1511748000,2376,5716.460000000003,25320.099999999562,,,,,,
1514415600,18678,37971.61999999994,184142.9299999888,,,,,,
1513008000,25618,49045.10999999997,291875.8399999556,,,,,,
1510639200,12853,25692.38000000007,127823.26000000947,,,,,,
1510340400,38460,58004.43000000006,361834.65999992064,,,,,,
1509685200,5254,16287.920000000013,72438.36000000246,,,,,,
1511229600,3452,6919.999999999992,33336.159999999436,,,,,,
1514552400,27506,42095.91000000005,245111.4399999597,,,,,,
1509372000,25564,48239.5000000004,266254.6399999587,,,,,,
1509649200,34033,59534.47999999963,367924.51999992883,,,,,,
1514329200,13071,27376.10999999995,130870.20000000918,,,,,,
1513130400,4876,9762.519999999991,46795.900000000824,,,,,,
1510520400,19754,43793.359999999935,212979.96999997948,,,,,,
1510311600,26948,42218.94000000002,274656.709999957,,,,,,
1512993600,23494,42215.36999999992,240085.85999996954,,,,,,
1509782400,15549,26963.46000000004,148375.65000000206,,,,,,
1512540000,13140,26105.930000000048,129691.5900000094,,,,,,
1511038800,25615,41435.12000000006,241001.9199999693,,,,,,
1512378000,24612,42553.27000000029,263946.5199999621,,,,,,
1510657200,23443,38782.51000000007,252166.9699999662,,,,,,
1509998400,29148,55980.719999999696,292431.2599999541,,,,,,
1510246800,28995,50880.91000000038,345923.7699999395,,,,,,
1512957600,3044,7093.449999999992,31045.449999999408,,,,,,
1513389600,20526,39911.90000000008,199109.43999998333,,,,,,
1511341200,24321,36190.70999999998,232857.40999996988,,,,,,
1513922400,10699,24648.899999999965,115519.8200000074,,,,,,
1512194400,5770,14819.309999999989,64936.52000000264,,,,,,
1509850800,10086,19399.24000000002,93208.09000000592,,,,,,
1230836400,11,20.22,88.81,,,,,,
1512669600,35027,55565.24000000039,379456.83999992616,,,,,,
1510012800,9083,19585.990000000053,92280.48000000576,,,,,,
1509328800,2970,10208.16000000002,42303.87000000039,,,,,,
1511895600,30475,52603.50000000017,318850.08999994746,,,,,,
1514469600,30357,47482.14000000017,276487.8599999453,,,,,,
1512979200,26415,54565.010000000264,324677.5599999556,,,,,,
1513753200,23066,39359.470000000096,213466.57999997848,,,,,,
1510894800,5656,17979.950000000008,80011.76000000286,,,,,,
1512482400,28575,53591.78999999997,317785.6299999456,,,,,,
1510430400,29112,45002.589999999866,275905.5299999515,,,,,,
1511672400,3721,13303.010000000024,55225.06000000085,,,,,,
1511625600,25767,46323.09000000002,249163.289999962,,,,,,
1513724400,25060,49101.979999999894,250493.04999996786,,,,,,
1513393200,14215,27485.950000000077,135328.5300000075,,,,,,
1510851600,28975,52381.35999999975,346592.0099999393,,,,,,
1513108800,33002,57276.41999999982,328033.159999943,,,,,,
1514574000,28149,43031.539999999964,264113.17999995465,,,,,,
1512291600,17458,31926.240000000045,153786.18000000133,,,,,,
1511488800,3426,6102.389999999998,28896.949999999302,,,,,,
1512856800,33487,53433.739999999816,301119.5699999441,,,,,,
1511762400,12412,28569.559999999965,135527.44000000658,,,,,,
1514523600,3643,9866.129999999996,42663.8200000004,,,,,,
1512414000,31042,51256.110000000204,308733.7599999462,,,,,,
1510362000,22047,36630.46000000007,198085.0999999839,,,,,,
1510855200,34425,53847.22999999996,364200.009999926,,,,,,
1511269200,25262,45102.15999999984,272365.87999995897,,,,,,
1511326800,4914,15554.870000000004,70445.95000000214,,,,,,
1509220800,31711,48871.840000000324,290187.9399999454,,,,,,
1512784800,18417,32876.6400000001,167417.02999999438,,,,,,
1513353600,20157,35443.739999999954,264850.5699999689,,,,,,
1514624400,13681,23119.380000000077,113975.38000000945,,,,,,
1509300000,25644,45166.43000000004,240377.98999996512,,,,,,
1509480000,28933,49319.43000000012,275889.3299999553,,,,,,
1513440000,27170,43344.07000000002,263079.3499999598,,,,,,
1509451200,23255,35328.14000000029,221721.26999997327,,,,,,
1511737200,11561,33891.920000000064,148478.41000000105,,,,,,
1512774000,35429,64678.51,367573.6599999292,,,,,,
1513710000,31815,49243.799999999974,311281.82999994355,,,,,,
1509404400,15384,32820.95999999997,158997.2899999982,,,,,,
1512457200,24834,40630.42000000004,231438.5199999722,,,,,,
1514631600,22328,32595.060000000118,176858.5099999893,,,,,,
1513918800,5108,16030.619999999932,70428.13000000216,,,,,,
1512403200,25126,47960.959999999766,293696.2199999587,,,,,,
1513684800,26343,42294.809999999816,269031.9399999573,,,,,,
1514502000,19032,36889.13000000001,183958.48999998983,,,,,,
1513432800,34290,52465.48999999962,303124.7999999363,,,,,,
1510257600,32671,59741.359999999775,351306.75999993854,,,,,,
1511233200,2316,5775.560000000016,25808.90999999963,,,,,,
1511654400,19556,33997.04000000003,173097.2899999909,,,,,,
1510869600,33894,68541.03999999964,372659.2399999313,,,,,,
1513573200,5177,15152.48999999999,66009.48000000215,,,,,,
1513054800,4818,12764.33,57525.3300000017,,,,,,
1512090000,11494,21670.34000000001,108837.44000000696,,,,,,
1513864800,29342,48216.200000000215,299622.67999994586,,,,,,
1519574400,1,1.48,19.3,,,,,,
1512381600,21866,39420.38999999991,236072.1499999705,,,,,,
1513623600,30876,49644.84999999979,300607.869999948,,,,,,
1511424000,9674,17568.06000000003,87083.84000000503,,,,,,
1511197200,28746,46565.45,302623.7499999486,,,,,,
1514512800,6223,11663.809999999983,55675.59000000207,,,,,,
1512392400,24277,48537.159999999836,270445.4699999619,,,,,,
1512781200,24552,44660.66999999996,235986.41999996948,,,,,,
1513443600,30127,47249.93000000003,286491.8599999484,,,,,,
1512126000,24994,42724.810000000325,261266.97999996052,,,,,,
1510736400,26385,42529.00999999994,275805.7599999597,,,,,,
1512075600,34571,66813.57000000012,368328.9299999338,,,,,,
1510567200,23439,39972.14000000012,252180.43999996746,,,,,,
1514714400,16275,25760.09000000001,128189.16000001165,,,,,,
1513270800,28369,47512.23000000007,338535.8399999446,,,,,,
1512928800,28534,52329.730000000265,289432.37999995216,,,,,,
1510560000,26611,45278.05999999998,281220.37999995984,,,,,,
1041375600,1,3.15,17.3,,,,,,
1509174000,9282,20343.81999999996,92762.95000000569,,,,,,
1509415200,3335,6979.120000000003,32738.589999999283,,,,,,
1513202400,33875,71355.23000000019,383364.65999993257,,,,,,
1513796400,34786,51260.07999999992,332808.77999993373,,,,,,
1513184400,29492,47139.27000000016,336342.8799999439,,,,,,
1511370000,27376,41712.19000000004,283728.8799999522,,,,,,
1511784000,22130,42122.49000000001,235062.3099999716,,,,,,
1511978400,31596,49281.29999999995,339560.199999938,,,,,,
1513047600,2222,5280.990000000007,23658.269999999648,,,,,,
1512417600,28773,53737.02999999998,287409.7599999567,,,,,,
1514548800,26290,39861.39000000024,228078.6499999657,,,,,,
1509858000,6249,17016.049999999996,75003.02000000281,,,,,,
1512972000,13186,28757.990000000096,137590.5400000061,,,,,,
1512680400,36256,69631.57000000027,391040.0299999304,,,,,,
1512388800,23453,42710.590000000084,252429.50999996593,,,,,,
1509343200,14114,27906.070000000123,138001.3000000072,,,,,,
978307200,1,0.0,3.8,,,,,,
1509652800,33644,61136.880000000245,348152.2499999361,,,,,,
1509195600,30902,47988.47999999973,271506.17999995145,,,,,,
1509433200,22803,36513.49999999978,208218.6799999798,,,,,,
1510646400,27136,43394.610000000095,270944.2699999602,,,,,,
1514170800,2973,6437.500000000004,29096.629999999415,,,,,,
1511535600,24579,38732.28999999991,209212.98999997406,,,,,,
1513342800,27692,47929.980000000076,298568.83999995224,,,,,,
1511780400,20460,35568.550000000105,206229.13999998203,,,,,,
1511866800,22377,38318.43000000012,235897.39999997296,,,,,,
1512622800,5032,15230.819999999978,68778.93000000202,,,,,,
1512255600,33455,51135.36000000017,306113.18999994465,,,,,,
1510556400,24253,43998.90999999999,244534.3799999711,,,,,,
1512471600,24144,40980.69000000034,259814.42999996358,,,,,,
1511388000,23990,39802.52999999995,219315.269999972,,,,,,
1511064000,9891,20787.579999999944,96243.43000000632,,,,,,
1514048400,24956,38964.339999999895,214303.81999997247,,,,,,
1509552000,23596,44920.48000000021,287090.3299999564,,,,,,
1512262800,28133,46386.11000000031,249550.7499999653,,,,,,
1512241200,35992,48802.32000000066,315708.7399999341,,,,,,
1514228400,16114,27051.38000000007,134723.54000000886,,,,,,
1510714800,2891,6841.330000000008,30436.659999999458,,,,,,
1510570800,22095,37668.59999999991,235790.21999997372,,,,,,
1513774800,27726,44893.48999999998,278171.8299999557,,,,,,
1510286400,3917,11665.070000000022,52204.45000000079,,,,,,
1510394400,25388,38619.19999999998,226336.2499999709,,,,,,
1513821600,6556,13088.98000000002,64708.78000000244,,,,,,
1510160400,28227,46859.14999999992,313898.4199999492,,,,,,
1510095600,18963,38714.71999999995,195548.6599999869,,,,,,
1509508800,4816,12440.329999999984,54709.65000000126,,,,,,
1513706400,32624,49922.46000000008,333720.7499999369,,,,,,
1510603200,27640,53190.34999999988,280570.539999958,,,,,,
1513767600,25726,38872.53999999977,250951.52999996394,,,,,,
1512511200,31004,57735.61999999986,321999.9199999462,,,,,,
1510664400,24330,44287.87999999997,264879.0399999621,,,,,,
1513116000,32995,65514.61999999987,345681.59999994235,,,,,,
1509202800,31158,52308.430000000095,294776.15999994194,,,,,,
1513245600,25612,39955.72999999989,255369.9399999639,,,,,,
1509562800,32727,54445.460000000036,340250.89999993786,,,,,,
1513126800,7928,16132.010000000024,77889.38000000398,,,,,,
1510268400,28629,60399.44999999987,321407.3099999475,,,,,,
1514390400,25348,42300.69999999968,271057.8699999577,,,,,,
1512385200,22291,38978.579999999885,237953.9899999718,,,,,,
1509238800,29208,48271.279999999904,269155.8099999587,,,,,,
1514246400,5896,12802.19000000001,57209.92000000191,,,,,,
1509271200,22701,37089.359999999884,188285.94999998467,,,,,,
1509465600,22899,38877.99000000003,256329.0999999654,,,,,,
1509976800,26950,52348.460000000036,291458.66999995103,,,,,,
1230811200,2,21.6,79.07,,,,,,
1513526400,27734,51843.2399999999,286486.82999995607,,,,,,
1510110000,2241,5381.210000000005,24002.09999999964,,,,,,
1511647200,26410,48504.089999999866,249296.049999964,,,,,,
1513728000,15755,32687.70000000002,162310.94999999768,,,,,,
1509228000,32746,51306.630000000056,305379.0399999387,,,,,,
1510156800,23314,46245.58999999988,290730.01999996125,,,,,,
1510912800,24095,40240.739999999874,249527.50999996762,,,,,,
1512169200,35666,64638.70000000037,358380.8099999308,,,,,,
1511305200,19855,38653.69999999998,198694.6799999849,,,,,,
1511665200,10411,20802.179999999942,97315.04000000596,,,,,,
1509822000,37017,50939.250000000284,312471.26999992906,,,,,,
1514062800,19027,30648.959999999955,162760.82999999714,,,,,,
1511334000,21169,34582.260000000024,199366.51999998387,,,,,,
1512036000,24319,40981.63999999996,259505.7299999641,,,,,,
1512594000,35914,69419.2699999999,385068.6099999297,,,,,,
1509987600,28881,52141.42000000006,318235.27999994444,,,,,,
1513926000,17219,29817.73999999991,157224.4399999982,,,,,,
1511946000,24716,39373.88000000007,254669.6199999665,,,,,,
1512273600,10286,22187.640000000065,103611.77000000619,,,,,,
1509246000,22568,41129.26999999989,210105.7599999788,,,,,,
1514635200,23430,32262.07999999997,183810.23999998593,,,,,,
1230840000,4,1.09,8.3,,,,,,
1511701200,26588,49130.510000000126,254214.2799999614,,,,,,
1511942400,27518,41700.79999999995,265118.32999996014,,,,,,
1512226800,30142,47465.37999999973,291110.2399999432,,,,,,
1512867600,24240,41451.30000000005,212393.3799999789,,,,,,
1511211600,27904,51601.4599999998,272172.21999996074,,,,,,
1514080800,7968,15358.030000000032,72567.11000000412,,,,,,
1512702000,5867,12837.29000000007,61669.39000000213,,,,,,
1513177200,28832,50606.90999999992,320280.4699999445,,,,,,
1511712000,25086,51515.629999999874,266375.07999996236,,,,,,
1512648000,26983,49363.15000000008,305643.39999994944,,,,,,
1513195200,34716,60185.879999999925,358250.92999993666,,,,,,
1512766800,34700,61145.240000000136,350037.5099999346,,,,,,
1514365200,19042,30791.420000000064,168128.55999999336,,,,,,
1511960400,23851,45764.56999999983,272788.83999996324,,,,,,
1230832800,4,0.87,17.8,,,,,,
1511262000,23601,37330.540000000125,237087.9799999693,,,,,,
1512338400,16483,38587.70999999991,182314.6799999911,,,,,,
1513436400,33144,53377.15999999954,310548.1899999386,,,,,,
1509501600,8502,16712.020000000004,79284.01000000424,,,,,,
1514260800,1391,4103.449999999997,17582.749999999836,,,,,,
1513411200,14537,24863.72999999994,126394.26000001,,,,,,
1512277200,4436,13713.350000000022,59121.76000000131,,,,,,
1509843600,49040,79495.39999999915,432022.46999988414,,,,,,
1510956000,34443,61784.8300000003,349880.8699999333,,,,,,
1514710800,11112,18796.65000000008,89977.35000000695,,,,,,
1511071200,4716,14350.399999999992,60322.370000001836,,,,,,
1512532800,2840,8115.579999999995,36927.88999999985,,,,,,
1510660800,23900,40446.38000000023,255358.8099999657,,,,,,
1511085600,23441,36857.54000000008,190586.3099999822,,,,,,
1512234000,30695,50829.20000000041,300023.63999994163,,,,,,
1511607600,21548,33206.70000000023,172560.42999999106,,,,,,
1511863200,22171,37758.84999999993,231352.3699999726,,,,,,
1514426400,4044,7971.2800000000025,37962.799999999865,,,,,,
1509642000,27946,50959.229999999974,330794.9499999476,,,,,,
1511506800,6835,12522.630000000032,60146.90000000258,,,,,,
1511384400,24634,39959.810000000114,219732.78999997358,,,,,,
1512460800,28478,43398.769999999866,279291.7299999597,,,,,,
1511604000,18529,32241.879999999903,156276.59999999794,,,,,,
1512806400,14766,25833.559999999965,128245.75000001016,,,,,,
1510041600,25291,39958.259999999886,249438.2599999657,,,,,,
1510261200,33763,65036.92999999999,368948.5399999331,,,,,,
1510088400,33193,59040.79000000009,326301.0199999432,,,,,,
1510128000,28745,43892.69000000002,280720.0299999565,,,,,,
1510167600,33815,57491.64000000046,353186.9699999369,,,,,,
1509670800,11172,21515.91999999999,107262.97000000693,,,,,,
1513407600,8839,19528.64999999999,90578.90000000519,,,,,,
1511074800,6827,16960.09000000002,75949.78000000364,,,,,,
1510372800,7696,16425.68,76185.84000000397,,,,,,
1510300800,26497,41526.89000000012,256108.57999996265,,,,,,
1509894000,26419,53507.67000000001,282221.4899999576,,,,,,
1511510400,9677,17100.03000000002,83537.86000000522,,,,,,
1509393600,29077,54557.46000000007,283838.6399999545,,,,,,
1514556000,28956,46390.18999999998,267317.7399999518,,,,,,
1513072800,23977,41527.31999999971,261072.2299999645,,,,,,
1511758800,4817,16165.070000000007,71138.50000000202,,,,,,
1509346800,24523,41089.87000000021,233048.7899999702,,,,,,
1511949600,22929,37942.350000000086,241419.99999997122,,,,,,
1514120400,20932,31026.57000000005,165227.15999999532,,,,,,
1230818400,5,11.65,62.13,,,,,,
1513065600,28274,43443.20000000007,274901.5299999626,,,,,,
1526950800,3,5.3100000000000005,29.66,,,,,,
1513656000,2968,9046.999999999998,38906.83,,,,,,
1510596000,33134,52916.229999999705,339121.6099999347,,,,,,
1511276400,27115,46039.11999999987,294403.8399999505,,,,,,
1511820000,21744,46257.15999999973,228542.06999997754,,,,,,
1512133200,26225,48949.490000000245,291287.4199999544,,,,,,
1511676000,4556,16737.24,68306.28000000218,,,,,,
1512165600,35224,61298.36000000031,348528.2499999311,,,,,,
1514210400,16614,30734.719999999965,144635.25000000422,,,,,,
1511593200,6101,14539.350000000037,65660.17000000244,,,,,,
1510480800,24374,42142.1800000002,212302.98999997595,,,,,,
1513566000,2448,6095.809999999998,26444.519999999564,,,,,,
1509739200,34000,57115.1700000001,332104.8799999354,,,,,,
1511290800,30039,49077.7099999998,313716.47999994503,,,,,,
1509217200,36218,54516.10000000022,323807.7799999287,,,,,,
1510441200,33258,53306.429999999884,309573.2299999411,,,,,,
1513699200,24458,42280.96999999987,276028.3299999599,,,,,,
1513814400,17784,36018.180000000044,180826.0299999917,,,,,,
1514250000,3345,7116.599999999995,31853.049999999395,,,,,,
1512871200,18787,33448.30999999994,168389.13999999387,,,,,,
1509825600,30906,46583.74999999983,280784.6599999477,,,,,,
1510164000,33682,55990.400000000234,364858.0099999309,,,,,,
1510146000,25741,48615.38000000002,289288.66999995674,,,,,,
1509537600,24271,41210.45,270667.929999962,,,,,,
1509692400,22931,41340.25000000023,226254.31999997344,,,,,,
1510275600,11618,22147.680000000062,111092.7700000074,,,,,,
1512889200,6773,18559.060000000063,80740.90000000353,,,,,,
1514422800,7060,14156.779999999959,66479.03000000307,,,,,,
1511524800,20166,30745.650000000096,158788.07999999778,,,,,,
1511586000,2984,10130.440000000011,42209.540000000336,,,,,,
1511416800,6303,16984.839999999993,75617.56000000308,,,,,,
1514732400,25569,40011.21000000024,215047.46999997093,,,,,,
1511503200,4530,10202.180000000004,46326.000000000866,,,,,,
1511031600,32238,46651.35000000004,295085.04999994306,,,,,,
1514167200,4273,8109.67,37866.769999999895,,,,,,
1512666000,28695,51748.2100000001,341240.1399999403,,,,,,
1513638000,20190,40990.54000000008,201487.95999998366,,,,,,
1514109600,16874,25996.85999999996,129127.76000001267,,,,,,
1509390000,31610,52077.29999999995,303491.5299999477,,,,,,
1518033600,1,1.8,17.76,,,,,,
1513980000,25785,44005.12000000002,240181.4099999645,,,,,,
1512752400,29973,50100.420000000195,340639.76999994,,,,,,
1511200800,32271,49339.81000000002,323852.05999993737,,,,,,
1509573600,29737,58893.349999999846,309777.3799999501,,,,,,
1512144000,24561,45515.889999999716,294070.06999995623,,,,,,
1513947600,29034,49272.080000000045,280167.1099999519,,,,,,
1513954800,28635,48096.85999999983,282550.2099999507,,,,,,
1512198000,9493,20750.84000000009,95877.01000000603,,,,,,
1511067600,3945,12345.819999999983,52397.910000001015,,,,,,
1514091600,2893,10198.790000000008,42102.73000000015,,,,,,
1514671200,22562,39538.88000000013,203581.09999997905,,,,,,
1511838000,1931,4458.140000000002,20525.149999999707,,,,,,
1509958800,23885,42294.07999999985,257249.3399999655,,,,,,
1509267600,16245,28442.899999999987,139579.3600000058,,,,,,
1514318400,20525,37900.91999999996,194533.78999998464,,,,,,
1511816400,25584,51530.350000000246,262453.95999996754,,,,,,
1513598400,24706,40158.19999999991,242964.91999996584,,,,,,
1511740800,7316,19892.83999999993,86853.68000000421,,,,,,
1509321600,6934,22527.649999999907,95193.01000000382,,,,,,
1510354800,32334,57756.500000000226,320160.0799999405,,,,,,
1509886800,29431,54012.98000000009,282219.5799999525,,,,,,
1514336400,4910,10303.119999999984,47603.760000000926,,,,,,
1510178400,31693,62668.95999999968,337957.61999994365,,,,,,
1514674800,20885,39600.40000000016,197072.77999998227,,,,,,
1514026800,26716,35141.929999999935,201779.6499999753,,,,,,
1511132400,12775,32276.919999999922,146055.16000000338,,,,,,
1511773200,23016,42740.610000000015,249055.2399999693,,,,,,
1512000000,13475,27207.940000000028,135997.2700000066,,,,,,
1512684000,35384,72708.6199999995,396108.5099999283,,,,,,
1514584800,24371,44219.01000000006,231119.3199999675,,,,,,
1510459200,9527,20399.700000000026,94889.51000000603,,,,,,
1513231200,14193,29138.960000000065,144641.62000000244,,,,,,
1512072000,33062,60444.59999999988,344104.14999994164,,,,,,
1512644400,26027,45163.82000000017,286735.5799999572,,,,,,
1509408000,9565,21082.43000000001,99304.11000000553,,,,,,
1511643600,23838,43524.139999999934,227553.13999997173,,,,,,
1509980400,26088,47704.329999999805,275263.59999995556,,,,,,
1513544400,22629,42369.75999999978,217782.11999997508,,,,,,
1512054000,27529,49940.69999999995,306300.7099999499,,,,,,
1510405200,26869,45438.38999999988,282109.47999995697,,,,,,
1513908000,8671,16895.58999999996,84411.1700000048,,,,,,
1511794800,25299,47230.42999999997,265340.1199999581,,,,,,
1513494000,6344,16523.799999999952,73165.80000000313,,,,,,
2268093600,1,8.67,31.56,,,,,,
1512640800,25866,46283.430000000066,287078.3899999579,,,,,,
1509760800,18124,31502.700000000055,162103.5199999964,,,,,,
1514376000,26430,39554.17999999991,232911.5599999637,,,,,,
1230778800,3,9.02,43.90000000000001,,,,,,
1514203200,15017,24622.030000000024,118659.07000001035,,,,,,
1509188400,27683,42140.43999999976,234654.47999996398,,,,,,
1514462400,28773,40075.81999999979,243287.2999999561,,,,,,
1511683200,9537,22323.57999999999,100007.38000000607,,,,,,
1513810800,27700,54321.31000000005,283953.7999999549,,,,,,
1510786800,24123,51596.719999999616,257534.66999997012,,,,,,
1512396000,26683,52430.940000000184,292003.0299999497,,,,,,
1512500400,36656,53606.33999999993,373186.1199999244,,,,,,
1512259200,32890,52394.510000000075,296280.43999994517,,,,,,
1511110800,27718,47942.120000000206,276188.3099999553,,,,,,
1513458000,30125,45631.81000000033,281745.0199999521,,,,,,
1509908400,25159,48534.31000000001,249113.4599999665,,,,,,
1510981200,4505,14962.329999999984,64165.9700000017,,,,,,
1509530400,23646,39405.72000000003,259313.7499999661,,,,,,
1513940400,26560,39338.960000000036,240065.7099999647,,,,,,
1513832400,5392,15796.399999999969,72292.23000000241,,,,,,
1514232000,15779,26954.489999999936,136337.01000000743,,,,,,
1510488000,29243,51196.15000000005,275433.4899999565,,,,,,
1514728800,24708,39341.620000000185,208941.46999997375,,,,,,
1511517600,16652,26119.31999999993,132318.95000001136,,,,,,
1511694000,21811,37108.420000000115,191578.9399999837,,,,,,
1513663200,12790,25411.25999999999,123718.36000000926,,,,,,
1230721200,1,9.53,49.27,,,,,,
1512507600,33898,63772.32999999997,367090.119999936,,,,,,
1510794000,7389,14979.920000000027,72320.54000000347,,,,,,
1514433600,2626,6891.109999999994,30317.98999999949,,,,,,
1511121600,21663,43599.769999999786,220372.82999997813,,,,,,
1511906400,27086,55138.140000000196,673811.5100001936,,,,,,
1511787600,22047,46420.610000000255,245981.7699999681,,,,,,
1510023600,1953,4764.59,21259.31999999971,,,,,,
1512554400,25505,43373.390000000014,279339.91999995784,,,,,,
1230764400,46,83.84,457.75000000000017,,,,,,
1512547200,30078,47668.50999999969,300867.3099999507,,,,,,
1513375200,36029,66807.04999999983,364732.6599999272,,,,,,
1512943200,18989,42275.93000000018,201348.16999998296,,,,,,
1511463600,18416,28973.460000000025,138924.45000000836,,,,,,
1513562400,3374,7026.809999999994,32638.539999999317,,,,,,
1510333200,33058,54653.60000000023,341582.16999993194,,,,,,
1514696400,2816,9825.820000000003,40065.300000000105,,,,,,
1514221200,16763,30410.69000000005,148101.80000000235,,,,,,
1509516000,12989,25064.12000000001,125886.86000000965,,,,,,
1513764000,24825,38278.959999999985,243469.80999996656,,,,,,
1513990800,15129,27966.58999999996,138033.56000000704,,,,,,
1514041200,23928,38628.76000000002,206401.57999997505,,,,,,
1510797600,4608,9839.100000000017,47024.54000000088,,,,,,
1511244000,13213,25856.12000000001,126733.22000000931,,,,,,
1510142400,25207,43678.14999999966,276319.5199999597,,,,,,
1514394000,25903,43158.98000000008,283542.13999995124,,,,,,
1510182000,22582,47554.00000000001,249561.67999997016,,,,,,
1512817200,31916,41315.07000000011,250458.67999995442,,,,,,
1510862400,34883,63084.43999999997,359621.78999993467,,,,,,
1509170400,6011,16357.250000000016,71577.07000000347,,,,,,
1513044000,3423,7042.6600000000035,33295.929999999484,,,,,,
1510426800,34810,49635.519999999815,317240.2299999338,,,,,,
1514577600,23482,38279.85000000001,210746.47999997696,,,,,,
1512007200,4474,9268.720000000012,45204.660000000644,,,,,,
1514642400,23594,41018.56,212948.68999997352,,,,,,
1230814800,2,3.71,22.6,,,,,,
1509566400,31960,60974.97999999996,332920.0199999424,,,,,,
1511053200,25273,41038.87999999998,222786.3399999742,,,,,,
1510264800,33142,69771.72000000018,381213.88999993156,,,,,,
1510210800,24577,40078.269999999764,230570.55999997398,,,,,,
1516190400,1,0.82,7.56,,,,,,
1511834400,2896,6431.170000000001,29612.489999999463,,,,,,
1509897600,23576,49027.96000000017,263542.7299999656,,,,,,
1511449200,19593,34353.50000000016,169458.61999999106,,,,,,
1512050400,27623,53086.849999999904,314709.85999994737,,,,,,
1512626400,13246,27326.55999999999,134094.1100000078,,,,,,
1512190800,4205,13015.510000000002,55669.03000000111,,,,,,
1511035200,26764,40080.81999999995,243717.13999996328,,,,,,
1509260400,7388,20436.84000000004,89363.17000000417,,,,,,
1510927200,29304,54464.09999999999,320799.90999994066,,,,,,
1513594800,22891,37216.56999999984,228608.86999997337,,,,,,
1510891200,4473,12382.399999999992,54172.89000000103,,,,,,
1230775200,4,20.69,91.46,,,,,,
1513576800,12246,25290.620000000134,122838.87000000865,,,,,,
1513897200,27926,53111.9300000002,281361.3799999566,,,,,,
1514343600,2368,5367.180000000009,24110.079999999598,,,,,,
1513076400,24538,38736.54999999992,261229.8399999631,,,,,,
1513123200,15127,30222.73,151351.75000000146,,,,,,
1512842400,37177,52306.75999999963,330740.6999999282,,,,,,
1510740000,24212,40605.79999999995,266990.01999996364,,,,,,
1513659600,5035,14389.560000000005,63956.720000002315,,,,,,
1509472800,28889,44244.049999999945,289995.05999995087,,,,,,
1513681200,23852,35642.22999999999,235777.0899999686,,,,,,
1510081200,32666,52701.34000000015,321622.28999994113,,,,,,
1512010800,3027,6904.6600000000035,31363.109999999488,,,,,,
1509231600,33512,55377.009999999646,322575.82999993826,,,,,,
1509865200,7969,20086.82999999997,89085.87000000445,,,,,,
1514678400,17761,33136.840000000164,163416.44999999506,,,,,,
1513735200,5598,11085.97999999999,53341.32000000155,,,,,,
1510196400,3026,6477.559999999995,30430.659999999472,,,,,,
1512345600,7014,16235.329999999987,72907.84000000353,,,,,,
1509332400,1845,4396.339999999998,19219.59999999977,,,,,,
1509591600,2890,6269.349999999993,28343.41999999948,,,,,,
1511629200,27146,46302.98,253316.63999995805,,,,,,
1512835200,28395,41650.42999999998,258454.94999995962,,,,,,
1513321200,24689,44999.15999999997,244061.51999996946,,,,,,
1509868800,11110,21845.510000000075,104254.96000000658,,,,,,
1509523200,28037,44483.3000000001,286441.8099999588,,,,,,
1509411600,5202,10859.19999999997,50953.870000001276,,,,,,
1514505600,14484,28955.7799999999,140324.030000005,,,,,,
1512136800,29591,55156.78000000003,330971.8599999378,,,,,,
1509948000,13655,29947.73999999999,144487.85000000338,,,,,,
1510822800,26521,42357.8499999998,271552.939999961,,,,,,
1510887600,4892,10814.809999999992,50695.980000001146,,,,,,
1514458800,25495,36965.85000000003,216587.03999996986,,,,,,
1509937200,1939,4703.829999999999,21082.919999999747,,,,,,
1519570800,2,1.25,13.56,,,,,,
1509163200,10226,21703.440000000017,100530.75000000652,,,,,,
1513969200,29261,44768.269999999815,270823.4399999537,,,,,,
1510747200,25525,44664.63000000001,289737.4799999571,,,,,,
1510621200,5256,10891.629999999985,52981.46000000156,,,,,,
1512558000,26235,43390.21999999985,284424.8799999556,,,,,,
1512082800,29718,58618.390000000276,308765.29999994877,,,,,,
1510581600,25607,50537.38000000003,280911.3599999565,,,,,,
1510232400,26000,52400.67999999962,311239.8399999504,,,,,,
1514570400,29979,44059.0299999997,275907.0999999487,,,,,,
1513602000,24605,42837.09000000007,246787.5999999657,,,,,,
1510617600,9789,22061.850000000028,103557.4000000058,,,,,,
1514163600,7472,13523.320000000005,64157.54000000336,,,,,,
1509213600,33975,51804.91000000016,310304.0999999367,,,,,,
1511114400,28024,51718.39000000031,279588.2599999561,,,,,,
1510650000,25028,41624.70999999984,264805.99999996606,,,,,,
1511730000,18335,42749.29000000018,203342.549999985,,,,,,
1513839600,22009,37666.059999999874,203794.26999998133,,,,,,
1509807600,30763,51444.310000000114,294625.8099999398,,,,,,
1510837200,25869,48062.380000000165,290558.8599999564,,,,,,
1510588800,24763,48767.60999999981,291670.3499999567,,,,,,
1509973200,23860,49549.63999999998,272893.2899999616,,,,,,
1510444800,29622,48249.050000000076,269869.1699999565,,,,,,
1511496000,2274,5221.260000000001,23233.91999999968,,,,,,
1514124000,22676,35987.259999999886,188354.95999998253,,,,,,
1513180800,24751,44397.900000000125,299442.4199999548,,,,,,
1514300400,26802,43908.15000000007,239253.42999996172,,,,,,
1513429200,34776,50846.049999999865,300692.0299999399,,,,,,
1230724800,1,0.72,8.76,,,,,,
1511596800,9088,18915.730000000043,86920.57000000545,,,,,,
1509606000,23877,41880.230000000265,232428.329999972,,,,,,
1512122400,24747,42811.270000000186,260608.21999996481,,,,,,
1513807200,34713,63896.069999999716,343307.99999993533,,,,,,
1514534400,15122,25298.32000000001,132291.17000001,,,,,,
1513627200,29273,50724.020000000186,276104.55999995803,,,,,,
1509422400,2551,6180.289999999996,27762.15999999958,,,,,,
1510092000,30009,58158.050000000076,309293.59999995085,,,,,,
1509602400,12970,26004.859999999993,128167.6900000092,,,,,,
1510390800,21492,32724.100000000097,182279.10999998712,,,,,,
1510466400,5048,16022.330000000069,68009.27000000211,,,,,,
1517727600,1,17.97,63.36,,,,,,
1513652400,2766,6992.629999999997,30587.77999999951,,,,,,
1510027200,2719,7631.680000000006,32929.40999999949,,,,,,
1511902800,30820,59848.7,317290.1799999499,,,,,,
1511852400,22810,38547.98999999994,214844.6699999773,,,,,,
1514628000,17940,26743.680000000026,138942.39000000828,,,,,,
1514491200,24042,39199.66999999975,218267.2099999727,,,,,,
1514282400,18481,31349.020000000062,159155.59999999727,,,,,,
1510254000,34164,59287.599999999875,379899.16999992466,,,,,,
1514001600,7125,19151.179999999975,84809.780000004,,,,,,
1511236800,2719,8700.939999999993,37839.44999999995,,,,,,
1510376400,3948,12505.94,53318.05000000096,,,,,,
1041379200,7,19.28,85.6,,,,,,
1511265600,25271,41375.74999999996,260188.50999996328,,,,,,
1513296000,25044,56076.250000000175,301004.85999995767,,,,,,
1511888400,27743,47418.100000000166,304992.8899999505,,,,,,
1510498800,28836,55718.56000000002,299749.1999999478,,,,,,
1512658800,27287,51877.33999999976,324690.49999994744,,,,,,
1230796800,6,1.62,11.3,,,,,,
1511182800,23920,42205.09,249025.56999996558,,,,,,
1511715600,25571,48151.80000000012,256032.7899999625,,,,,,
1509206400,27468,44450.10999999981,254858.3699999593,,,,,,
1509498000,11350,21520.47000000008,104726.35000000744,,,,,,
1513058400,12667,24555.96999999992,120583.8000000092,,,,,,
1513569600,2992,8904.999999999989,38974.499999999935,,,,,,
1513461600,34301,52565.299999999705,323480.9099999367,,,,,,
1514419200,11497,23596.81999999998,111125.4000000081,,,,,,
1512687600,31877,65918.9600000001,351194.6999999432,,,,,,
1511355600,26738,45839.729999999785,283730.7399999521,,,,,,
1509310800,19643,36723.61000000002,186050.3199999868,,,,,,
1512100800,3969,10765.69,49540.29000000095,,,,,,
1512756000,34540,54349.31999999997,375146.8699999263,,,,,,
1510455600,14892,27059.81,134891.32000000807,,,,,,
1509397200,27293,53544.080000000264,275133.2799999588,,,,,,
1510974000,13912,25732.26999999996,127591.47000000895,,,,,,
1510959600,33305,61194.039999999804,338633.99999993807,,,,,,
1512745200,28686,49931.82999999994,309588.5799999449,,,,,,
1513339200,27711,47286.25999999949,299674.0499999504,,,,,,
1509616800,24517,41951.23999999997,259876.4399999641,,,,,,
1514070000,16730,28199.419999999984,145545.09000000395,,,,,,
1509609600,27695,41949.81999999991,270189.47999995924,,,,,,
1511172000,22229,36958.93000000005,227936.7699999731,,,,,,
1513746000,5259,15481.849999999986,70145.79000000241,,,,,,
1512720000,28648,47639.24,288299.07999995555,,,,,,
1509764400,13059,24120.40999999996,119839.62000000845,,,,,,
1510149600,27904,53214.5899999999,314324.94999994594,,,,,,
1512421200,30008,58046.93999999992,300792.739999953,,,,,,
1509476400,29131,44064.48000000012,275144.6599999562,,,,,,
1512813600,28672,39183.879999999954,225506.3099999679,,,,,,
1510531200,7451,20645.94000000002,90722.22000000453,,,,,,
1510282800,4958,10694.879999999988,50210.71000000111,,,,,,
1510905600,27749,45217.88999999996,279669.6799999587,,,,,,
1510236000,28272,55912.31999999995,333608.7899999417,,,,,,
1513630800,29933,55400.67000000001,290306.12999995524,,,,,,
1514174400,2300,6151.109999999987,26519.359999999586,,,,,,
1509354000,24707,41651.680000000066,257026.41999996445,,,,,,
1514768400,2,7.84,72.3,,,,,,
1512770400,36122,63500.15000000008,367611.17999992607,,,,,,
1512446400,2443,7526.380000000008,32082.2499999996,,,,,,
1514595600,14456,27979.840000000062,135173.68000000744,,,,,,
1513112400,35456,65881.35000000027,364299.55999993545,,,,,,
1513540800,23786,43023.22,231773.8499999732,,,,,,
1512986400,21253,42132.199999999866,247528.94999996808,,,,,,
1514660400,25771,38907.109999999855,216848.6999999721,,,,,,
1513098000,27997,47040.729999999945,324561.2299999485,,,,,,
1514754000,27329,40996.77000000001,225180.31999996712,,,,,,
1513234800,25303,40719.650000000336,233352.68999997329,,,,,,
1514264400,2629,8159.049999999997,34272.129999999685,,,,,,
1511456400,17773,30964.539999999964,147772.7100000023,,,,,,
1510239600,28022,50774.64000000022,315317.9399999481,,,,,,
1511575200,9620,16852.01,82115.79000000509,,,,,,
1512475200,24955,45760.32999999975,278573.4799999587,,,,,,
1511427600,10615,18473.350000000024,91815.33000000539,,,,,,
1509570000,31866,61582.34999999992,330455.4499999436,,,,,,
1512295200,24111,39075.33999999989,201427.469999978,,,,,,
1511323200,3779,12617.500000000016,56046.910000000986,,,,,,
1511542800,25696,39297.98000000013,231574.85999996628,,,,,,
1514606400,6419,15157.539999999963,68195.25000000307,,,,,,
1511157600,12655,25831.840000000102,124750.46000000881,,,,,,
1510491600,28826,53949.10000000004,284359.98999995174,,,,,,
1509487200,25647,45503.68000000037,251130.6299999638,,,,,,
1512468000,24260,40967.06999999988,259983.8799999652,,,,,,
1511845200,4805,13936.509999999982,61940.16000000162,,,,,,
1513119600,25524,49238.749999999745,255500.39999996746,,,,,,
1509966000,22083,39119.18000000003,238144.5499999713,,,,,,
1512831600,32806,47647.15999999988,293140.0799999426,,,,,,
1513645200,6795,13890.289999999955,65952.02000000262,,,,,,
1512183600,13785,25098.669999999962,125374.82000000935,,,,,,
1510074000,30605,47158.18000000005,317381.6099999443,,,,,,
1512608400,9926,19470.72000000001,96929.45000000572,,,,,,
1514480400,28503,44843.689999999675,289276.91999994643,,,,,,
1509184800,24821,38910.19000000016,208983.8899999763,,,,,,
1513951200,30107,50602.6099999995,293184.5099999443,,,,,,
1513173600,29173,51291.219999999856,322652.7399999429,,,,,,
1512428400,17175,35815.800000000076,175719.35999999312,,,,,,
1512799200,5406,14687.289999999975,64047.010000002614,,,,,,
1514224800,17048,26681.79999999998,137719.27000000776,,,,,,
1513252800,27460,46073.91999999948,296934.61999995174,,,,,,
1512187200,8654,19042.59000000004,87495.81000000516,,,,,,
1512331200,21093,44129.38999999983,222751.0599999761,,,,,,
1511056800,21630,36555.36999999983,190420.749999985,,,,,,
1512907200,31160,50536.579999999856,277645.1199999515,,,,,,
1519876800,1,3.66,17.16,,,,,,
1511884800,23357,45010.38000000011,278778.7399999627,,,,,,
1513800000,32976,53961.25000000008,312291.0899999448,,,,,,
1510920000,25712,45961.97999999972,276711.7799999568,,,,,,
1512154800,37586,60203.03999999987,390230.9199999175,,,,,,
1510416000,23605,38754.94999999996,246667.38999996762,,,,,,
1230771600,12,33.19,156.42000000000004,,,,,,
1513418400,27584,41245.33999999989,223722.41999996878,,,,,,
1511272800,27597,48261.46999999997,299595.0199999484,,,,,,
1510689600,32694,60236.38999999996,331707.7799999425,,,,,,
1514527200,7576,15865.050000000027,73611.67000000388,,,,,,
1514044800,23583,38380.43000000007,206136.4599999769,,,,,,
1509840000,29287,46558.270000000215,264075.5899999566,,,,,,
1512032400,26217,42830.30000000013,273402.92999996245,,,,,,
1513677600,23367,36977.40999999981,234646.9899999713,,,,,,
1510941600,35625,56871.53000000003,367392.3099999264,,,,,,
1230822000,2,29.01,126.14,,,,,,
1510131600,25890,41163.0899999999,265138.64999996504,,,,,,
1514372400,24008,35663.73000000007,208521.91999997493,,,,,,
1511006400,31342,47095.240000000085,274931.51999995066,,,,,,
1513357200,23445,39764.6100000002,295006.099999959,,,,,,
1514430000,3110,6569.729999999991,30121.92999999937,,,,,,
1513915200,5178,15148.780000000012,66839.22000000185,,,,,,
1511146800,2048,4984.990000000003,21981.709999999664,,,,,,
1510804800,3072,8870.500000000007,38784.15999999997,,,,,,
1509624000,25284,44858.380000000274,280678.82999995945,,,,,,
1509454800,23626,40202.820000000014,233600.46999997148,,,,,,
1230742800,1,0.9,9.3,,,,,,
1513238400,29465,45335.55000000024,279156.65999995545,,,,,,
1514685600,10317,19066.52000000004,91803.19000000595,,,,,,
1514721600,22777,34229.08999999989,182521.85999998602,,,,,,
1512604800,17322,36358.759999999915,184429.589999991,,,,,,
1514541600,21745,34095.799999999974,187325.52999998425,,,,,,
1509192000,29421,45106.85999999997,256021.9699999565,,,,,,
1512795600,3948,11755.06,50456.100000001024,,,,,,
1518037200,1,1.05,11.16,,,,,,
1511125200,21618,43130.56999999999,214982.43999997672,,,,,,
1512630000,26021,45926.89999999968,256043.7499999664,,,,,,
1509598800,5116,14871.6,66853.19000000194,,,,,,
1514037600,23476,38499.970000000096,203664.9499999765,,,,,,
1514116800,21197,29381.160000000138,158112.19999999815,,,,,,
1511776800,20176,37567.8099999998,216237.61999997715,,,,,,
1514368800,21289,34444.429999999906,187931.38999998328,,,,,,
1513850400,24953,39245.87000000008,242518.40999996843,,,,,,
1510876800,20452,40132.469999999965,205099.04999998066,,,,,,
1512982800,23083,47518.66999999996,288522.56999996165,,,,,,
1509991200,32558,53982.63999999994,335667.74999993684,,,,,,
1514019600,16443,24374.07999999997,128047.38000001234,,,,,,
1513382400,31969,67169.66000000012,335557.72999994236,,,,,,
1509789600,26970,41333.99999999986,226836.9599999688,,,,,,
1513612800,24289,43513.919999999984,271606.85999996075,,,,,,
1512370800,22754,41675.439999999915,227072.2599999755,,,,,,
1513465200,34176,54475.67000000004,326325.31999993656,,,,,,
1513198800,36354,69138.32999999997,385905.9199999299,,,,,,
1511913600,11180,22741.79999999997,110489.3000000064,,,,,,
1514278800,15387,25408.58999999996,128792.05000001108,,,,,,
1513447200,34794,51089.55000000061,318385.00999993505,,,,,,
1513141200,5140,12641.889999999998,58277.020000001794,,,,,,
1510952400,33455,58832.78999999997,332049.8799999405,,,,,,
1511352000,26879,42381.42000000005,269693.3699999572,,,,,,
1511222400,9846,21232.27000000004,101194.57000000613,,,,,,
1513400400,4654,13161.159999999994,59903.510000001435,,,,,,
1513591200,22634,39640.46999999977,235978.12999997038,,,,,,
1510970400,19021,32997.46000000003,170906.08999999316,,,,,,
1514354400,7528,16778.210000000006,75862.30000000431,,,,,,
1509768000,8203,16948.200000000015,79111.20000000423,,,,,,
1514664000,20674,34062.91000000011,184267.42999998532,,,,,,
1513717200,33746,61810.15000000037,337986.96999993915,,,,,,
1510506000,27752,54563.40000000018,295500.23999995104,,,,,,
1512936000,23304,43443.64999999985,229066.93999997445,,,,,,
1513530000,27366,48300.85999999972,274359.1799999554,,,,,,
1512406800,29177,50298.650000000125,320641.3399999465,,,,,,
1511204400,30213,46984.66000000001,290047.14999995107,,,,,,
1513551600,13564,29151.49999999997,140496.5100000055,,,,,,
1514289600,23279,35104.499999999985,189991.0199999811,,,,,,
1514620800,8647,18303.330000000016,82421.58000000475,,,,,,
1511600400,14542,26575.12000000005,126193.06000001036,,,,,,
1510552800,13497,30438.719999999896,144756.6400000035,,,,,,
1513371600,35224,61653.27999999965,348798.9599999357,,,,,,
1514192400,6608,12936.620000000008,59011.42000000233,,,,,,
1512727200,25736,44638.89999999993,272304.49999995873,,,,,,
1514520000,3657,8970.369999999999,39255.96999999992,,,,,,
1513778400,29584,49716.969999999856,300430.79999994487,,,,,,
1513476000,23745,40931.410000000134,210451.08999997878,,,,,,
1512846000,36825,48858.70000000007,317436.51999993203,,,,,,
1510214400,28006,43976.53000000024,281469.8899999598,,,,,,
1512118800,25245,41603.12000000002,261108.09999996398,,,,,,
1511380800,24748,39414.15999999999,218359.78999997367,,,,,,
1512601200,28398,58892.360000000124,309513.9399999551,,,,,,
1514185200,3458,9761.61000000002,40415.03000000012,,,,,,
1510250400,35994,61521.87000000018,410799.3299999188,,,,,,
1513976400,24764,42471.48999999991,232758.1299999677,,,,,,
1513036800,11120,26263.119999999893,121688.34000000695,,,,,,
1512651600,26440,51497.60000000001,309425.4899999516,,,,,,
1509926400,8918,27188.340000000033,114920.43000000538,,,,,,
1511755200,2336,7912.080000000021,33382.33999999969,,,,,,
1513346400,29513,53053.48000000025,333532.8199999396,,,,,,
1509735600,36962,58931.30000000045,375507.64999992,,,,,,
1512748800,24380,46400.5099999999,303298.38999995467,,,,,,
1512903600,29515,45331.670000000115,244675.23999996288,,,,,,
1513785600,25436,43214.770000000135,283908.6899999576,,,,,,
1514034000,26540,38048.99000000002,215317.17999997173,,,,,,
1511092800,29612,46756.490000000165,257021.48999995872,,,,,,
1511283600,26757,45116.289999999695,307103.29999995197,,,,,,
1510542000,2047,4842.099999999995,21716.619999999668,,,,,,
1511208000,27951,49070.259999999835,265375.3199999621,,,,,,
1509544800,26616,46193.79000000012,289083.6999999548,,,,,,
1514023200,23176,32174.71000000003,173746.06999998994,,,,,,
1511812800,26107,53190.11000000002,272593.1399999625,,,,,,
1513425600,34107,48189.28000000034,282425.28999994416,,,,,,
1511078400,11251,23725.330000000016,111082.55000000716,,,,,,
1512961200,2410,7357.799999999994,32506.699999999593,,,,,,
1512111600,23437,41610.05999999979,229457.0199999739,,,,,,
1509994800,30778,54520.47999999988,309295.5399999509,,,,,,
1514188800,4250,10287.829999999974,44930.93000000084,,,,,,
1512738000,27382,51484.22999999998,303170.6899999504,,,,,,
1511640000,24764,44408.300000000185,237219.22999996736,,,,,,
2626185600,3,0.76,5.8,,,,,,
1511377200,28031,42052.109999999695,259413.29999995852,,,,,,
1512597600,32955,65858.16000000031,358320.01999993884,,,,,,
1511614800,26299,44528.74999999996,233854.15999996656,,,,,,
1510732800,28397,43161.10999999986,276579.40999995865,,,,,,
1510563600,24915,42192.570000000174,268598.1799999636,,,,,,
1512734400,26789,47539.419999999984,291924.32999995514,,,,,,
1513983600,23367,42599.98000000048,221524.2299999733,,,,,,
1511935200,12707,24774.730000000065,121657.97000000866,,,,,,
1509667200,18701,37733.080000000045,192547.79999998558,,,,,,
1511186400,25691,45630.50999999992,267745.9699999562,,,,,,
1513609200,27851,47251.630000000085,279932.54999995505,,,,,,
1511089200,26565,40629.299999999734,220047.7999999723,,,,,,
1511848800,13055,25594.63000000005,124314.25000000928,,,,,,
1513893600,34372,61112.26999999975,337172.94999993447,,,,,,
1509933600,2812,6922.830000000008,30916.319999999447,,,,,,
1512399600,28520,51091.18000000021,295969.93999994826,,,,,,
1511046000,31102,52680.59999999988,296140.2799999485,,,,,,
1510880400,12005,23266.939999999922,115799.26000000775,,,,,,
1509429600,12194,23308.639999999945,114629.6900000085,,,,,,
1513497600,10513,21019.339999999982,98758.19000000668,,,,,,
1513771200,27619,41608.750000000065,269663.0899999565,,,,,,
1510527600,12747,32608.280000000086,147623.46000000235,,,,,,
1514235600,16403,28701.97000000003,141025.75000000565,,,,,,
1509436800,26691,38806.74999999978,249497.87999996444,,,,,,
1512525600,3949,7907.960000000014,38288.62999999989,,,,,,
1513616400,27647,45551.259999999726,291451.87999995315,,,,,,
1511650800,23539,41816.699999999946,214656.86999997566,,,,,,
1511722800,23166,47628.60999999999,235046.30999997398,,,,,,
1509912000,22387,44391.97999999999,223707.85999997484,,,,,,
1514404800,22475,38579.16999999997,212231.78999997606,,,,,,
1511719200,25456,47723.279999999846,247899.3099999661,,,,,,
1513483200,11182,24063.98000000001,112254.15000000746,,,,,,
1512655200,28906,57376.61,342464.1999999393,,,,,,
1512824400,33768,44596.84000000009,285383.1899999434,,,,,,
1513000800,26996,51675.730000000185,279230.53999995533,,,,,,
1510610400,26840,55599.03999999997,279261.59999995865,,,,,,
1513152000,31065,46953.029999999766,299864.93999995023,,,,,,
1513324800,29553,47826.56999999996,287697.8999999552,,,,,,
1512018000,5367,15401.400000000007,68742.07000000229,,,,,,
1512172800,30962,53242.78999999978,294604.8699999494,,,,,,
1509883200,29012,48424.089999999924,258426.5699999597,,,,,,
1513890000,33289,57724.870000000185,322623.59999994014,,,,,,
1510642800,23975,40549.269999999975,230153.08999997354,,,,,,
1513220400,3646,8415.289999999997,39704.39000000008,,,,,,
1513936800,23487,36917.32999999995,217252.6199999728,,,,,,
1042567200,1,0.0,2.3,,,,,,
1514516400,4515,9243.130000000014,43254.3500000004,,,,,,
1510722000,4888,14709.059999999978,64924.200000002136,,,,,,
1510437600,33261,50846.75999999977,301607.67999994115,,,,,,
1509732000,35290,58090.46999999987,375662.1299999206,,,,,,
1514455200,23099,34352.109999999986,194994.42999998148,,,,,,
1514347200,2079,5915.38000000001,26007.859999999677,,,,,,
1526947200,1,1.58,11.76,,,,,,
1511557200,21623,36746.88999999982,191130.96999998426,,,,,,
1511190000,26704,45063.08999999968,268902.8499999557,,,,,,
1511870400,23580,41110.659999999916,251561.8899999665,,,,,,
1510030800,5308,14849.51999999998,67187.29000000235,,,,,,
1511179200,23538,38448.77000000002,236095.7399999671,,,,,,
1509627600,25890,49062.22999999988,293295.60999995534,,,,,,
1514379600,27498,41683.43000000012,250798.60999995805,,,,,,
1510383600,9873,21109.130000000037,98512.05000000652,,,,,,
1509771600,3964,12530.749999999998,53567.33000000112,,,,,,
1513872000,24582,41878.37999999983,275710.60999995715,,,,,,
1513803600,34697,62678.11000000034,342656.4999999361,,,,,,
1509757200,23377,40829.23999999976,213898.92999997624,,,,,,
1514149200,18905,28604.750000000055,151238.23000000193,,,,,,
1512590400,34308,61549.019999999735,353419.09999993874,,,,,,
1509984000,24584,48898.520000000055,289604.7899999572,,,,,,
1511877600,25616,49002.600000000384,283110.5499999558,,,,,,
1512064800,33642,52861.10999999974,365804.2899999303,,,,,,
1513026000,31637,61403.379999999954,319511.23999994877,,,,,,
1511830800,4953,10831.639999999994,50041.070000001135,,,,,,
1513674000,24725,38794.12000000008,247112.539999968,,,,,,
1512432000,10681,21927.70999999989,105683.98000000633,,,,,,
1510718400,2714,7753.5500000000075,33616.84999999964,,,,,,
1510326000,29739,49268.450000000055,310018.0899999428,,,,,,
1510614000,16400,35817.21999999997,173849.22999999428,,,,,,
1509235200,31616,51048.490000000274,295834.5099999448,,,,,,
1513422000,31641,44320.66000000013,251856.489999958,,,,,,
1513134000,3150,7089.49,32742.829999999434,,,,,,
1513188000,34502,52239.54999999969,373420.84999992716,,,,,,
1513317600,13429,28746.590000000047,140158.78000000535,,,,,,
1514102400,7475,13988.540000000017,65407.140000003405,,,,,,
1511532000,23189,37102.060000000216,194159.4499999789,,,,,,
1513267200,22858,44341.9399999997,301913.5099999584,,,,,,
1514718000,19468,29063.52999999988,152426.85000000044,,,,,,
1509656400,33992,65331.0099999996,360156.4699999337,,,,,,
1510153200,27381,48644.919999999984,295295.1999999539,,,,,,
1511686800,14733,30896.82000000017,144621.22000000358,,,,,,
1512424800,24505,48731.77000000012,249596.1399999696,,,,,,
1514437200,3604,10227.089999999991,43556.00000000048,,,,,,
1512579600,29248,48915.68999999978,337700.5799999403,,,,,,
1512759600,35768,55721.61999999972,372147.5899999252,,,,,,
1514253600,1925,4182.950000000002,18899.879999999725,,,,,,
1509505200,6046,12842.859999999988,60287.03000000207,,,,,,
1512327600,24214,48440.689999999726,250475.9399999667,,,,,,
1509674400,7104,13561.120000000019,66055.19000000287,,,,,,
1510696800,30486,59288.31999999943,309962.34999994765,,,,,,
1511704800,26644,51750.64999999989,278315.4199999573,,,,,,
1510765200,28695,48357.42999999972,328350.83999994304,,,,,,
1512763200,33263,53215.6400000001,330887.9499999386,,,,,,
1513904400,13329,25142.369999999908,126734.82000000875,,,,,,
1510772400,33630,57815.990000000194,355182.1799999362,,,,,,
1511899200,29384,55126.35999999981,299875.889999954,,,,,,
1511024400,28557,46309.689999999864,292214.0799999492,,,,,,
1525104000,1,1.99,15.36,,,,,,
1513144800,13886,27215.03999999996,134812.24000000814,,,,,,
1511521200,18892,27251.34000000017,143773.01000000592,,,,,,
1509696000,27104,44671.80000000007,276415.7699999591,,,,,,
1510830000,25227,40900.729999999865,266043.2499999613,,,,,,
1512964800,2938,9977.930000000024,42461.47000000007,,,,,,
1513846800,26560,41073.950000000055,255833.5599999639,,,,,,
1512129600,25930,48458.31999999977,287886.06999995303,,,,,,
1511539200,24789,38885.80000000011,225785.39999996862,,,,,,
1511406000,6762,14669.659999999987,68674.970000003,,,,,,
1512882000,3689,12311.239999999993,52289.55000000082,,,,,,
1511028000,33780,50873.66,324629.7099999321,,,,,,
1514271600,8951,17513.86000000002,83170.51000000448,,,,,,
1512320400,26901,51902.180000000095,288068.9899999556,,,,,,
1510545600,2551,8210.739999999993,35447.38999999973,,,,,,
1512435600,5668,11714.11,55555.6800000016,,,,,,
1512536400,4903,14680.919999999995,66012.71000000199,,,,,,
1511798400,23150,47216.16999999993,281857.12999995967,,,,,,
1510653600,23810,40718.42999999981,255405.16999996718,,,,,,
1513281600,32979,60233.480000000076,370860.7499999363,,,,,,
1509588000,4024,8581.649999999994,41444.17000000036,,,,,,
1512925200,27853,52009.269999999786,291841.41999995307,,,,,,
1509631200,27373,52660.79000000002,315602.2599999481,,,,,,
1513404000,5914,17292.520000000037,74621.44000000335,,,,,,
1510005600,26459,50939.60000000006,258971.50999996372,,,,,,
1511809200,28556,50413.93,290499.5799999555,,,,,,
1513828800,4056,12174.719999999976,54088.430000000946,,,,,,
1512705600,4429,11591.479999999969,52878.43000000102,,,,,,
1510509600,28036,53820.4899999996,287784.6199999515,,,,,,
1513166400,27838,45029.88999999977,299683.399999951,,,,,,
1510336800,37685,57674.95999999986,368564.7399999178,,,,,,
1509458400,26134,45907.21000000023,266630.829999958,,,,,,
1513695600,28079,47466.65000000033,293401.5499999497,,,,,,
1512147600,30185,50368.560000000165,336932.2299999383,,,,,,
1511956800,23990,42238.510000000046,264710.11999996303,,,,,,
1509224400,29962,47384.83000000001,277401.2999999521,,,,,,
1513965600,30174,46834.979999999974,286154.3699999489,,,,,,
1513782000,29376,46985.70000000012,292345.32999994897,,,,,,
1514206800,15580,27376.759999999926,128599.26000001095,,,,,,
1514088000,4996,13388.13,57464.03000000174,,,,,,
1510884000,7676,14360.270000000004,70738.33000000335,,,,,,
1514617200,5623,13439.939999999982,58880.74000000196,,,,,,
1512820800,33512,43075.4400000001,265773.5099999494,,,,,,
1510477200,18285,32167.27,160420.25999999727,,,,,,
1511020800,26463,42356.11999999992,265459.80999996,,,,,,
1509969600,22865,43538.0399999996,257326.22999996532,,,,,,
1510448400,25124,40691.07999999993,219092.5699999756,,,,,,
1511568000,14921,25477.340000000062,126338.82000000995,,,,,,
1510221600,24155,41745.97999999988,264506.1199999643,,,,,,
1510329600,26900,46908.0499999999,296078.7899999504,,,,,,
1509444000,23170,36979.61000000014,228875.7999999713,,,,,,
1512914400,30257,53743.08999999987,303117.0499999472,,,,,,
1510358400,27440,48890.449999999815,264041.2099999592,,,,,,
1513713600,30625,53138.040000000234,298604.7799999514,,,,,,
1513213200,9979,21046.03000000002,105464.0600000058,,,,,,
1514707200,6384,14616.209999999981,65687.90000000289,,,,,,
1511478000,12646,22166.10000000005,106560.35000000848,,,,,,
1513292400,29262,66047.86000000013,369860.47999994224,,,,,,
1510059600,26091,45818.57999999978,273989.6699999591,,,,,,
1513029600,28649,59422.99000000034,298419.35999995447,,,,,,
1509318000,10916,29574.82,131875.72000000704,,,,,,
1511550000,24321,35648.149999999994,208913.21999997602,,,,,,
1512028800,29122,44307.37999999973,284451.42999995744,,,,,,
1523264400,4,3.27,29.26,,,,,,
1509836400,31411,50194.559999999816,290120.2999999512,,,,,,
1510412400,26123,45852.410000000185,282466.66999995545,,,,,,
1509645600,33861,57612.03999999987,379976.1399999264,,,,,,
1510693200,33356,65053.420000000086,347688.78999993985,,,,,,
1514196000,10068,17605.34,81420.91000000558,,,,,,
1513843200,26541,40449.679999999964,241557.08999996827,,,,,,
1230746400,1,7.99,38.16,,,,,,
1509364800,22098,37571.43999999987,220838.6599999749,,,,,,
1511859600,24597,40140.68000000021,254716.5799999683,,,,,,
1509753600,29032,51119.09000000002,275065.7099999541,,,,,,
1509638400,23971,46315.5899999999,294135.63999995944,,,,,,
1513620000,31893,50722.22000000037,323487.26999993925,,,,,,
1511240400,5130,14072.160000000005,64015.14000000197,,,,,,
1511499600,2329,7021.610000000012,29776.35999999956,,,,,,
1513756800,27581,40084.20999999995,246999.4599999658,,,,,,
1512309600,31096,56752.09999999977,311336.26999994204,,,,,,
1510668000,27518,51198.71000000007,302570.1999999474,,,,,,
1511780400,20460,35568.550000000105,206229.13999998203,,,,,,
1510909200,25889,42917.439999999886,270465.92999996064,,,,,,
1230717600,4,7.01,44.92,,,,,,
1512968400,5285,16343.609999999988,71502.56000000222,,,,,,
1510106400,3433,6902.15,32173.46999999937,,,,,,
1511931600,4695,12784.600000000017,58328.810000001504,,,,,,
1512975600,23988,43932.0199999999,240129.42999997173,,,,,,
1509829200,29611,46422.54,269969.7699999562,,,,,,
1511366400,24638,40147.95999999996,273571.1499999613,,,,,,
1510833600,25743,46390.699999999815,286138.31999995816,,,,,,
1511766000,22305,42326.52999999995,226235.96999997657,,,,,,
1510624800,3217,6499.069999999996,31440.549999999344,,,,,,
1512284400,6883,18746.65000000001,81694.56000000355,,,,,,
1513101600,32994,51316.80000000025,356072.1199999357,,,,,,
1511874000,23155,44402.76000000014,257952.9299999645,,,,,,
1511938800,23520,39031.0599999999,221917.68999997593,,,,,,
1514325600,18333,34613.110000000015,172345.07999999175,,,,,,
1512550800,28099,47462.76,301517.6899999557,,,,,,
1509577200,20077,42616.34999999993,211833.24999998152,,,,,,
1509447600,22500,33366.18000000008,213002.589999975,,,,,,
1510020000,2925,6719.0899999999865,31020.079999999398,,,,,,
1512939600,21885,45025.360000000066,222096.25999997614,,,,,,
1511910000,18754,40319.73999999997,197613.97999998406,,,,,,
1514602800,8726,17367.82999999997,82056.98000000471,,,,,,
1512572400,28518,50905.330000000045,317674.8199999455,,,,,,
1513260000,29386,53853.580000000045,334117.1499999418,,,,,,
1513148400,26308,43347.850000000166,245384.22999996692,,,,,,
1509159600,15350,27715.90999999997,140775.03000000544,,,,,,
1510840800,29969,56820.00000000044,343140.5299999363,,,,,,
1512709200,5166,15358.319999999942,68769.76000000216,,,,,,
1514610000,3375,11097.97,45609.95000000053,,,,,,
1511726400,20530,45416.12000000004,221324.89999997895,,,,,,
1513760400,25714,39626.12999999997,248252.06999996555,,,,,,
1513386000,26730,56558.34999999988,279914.5899999597,,,,,,
1513580400,21631,37666.980000000025,204209.2399999817,,,,,,
1511470800,19667,33302.50999999999,163459.1599999957,,,,,,
1509832800,32221,50414.60000000023,294247.18999994505,,,,,,
1510873200,28640,59626.2599999999,308350.38999995193,,,,,,
1510063200,28417,51703.500000000095,305083.9399999451,,,,,,
1513749600,12441,25878.269999999917,124012.62000000894,,,,,,
1230768000,62,113.31,576.49,,,,,,
1513263600,28382,49219.1199999999,320957.27999994607,,,,,,
1509728400,30524,54800.10000000007,348381.99999993556,,,,,,
1512180000,20051,34186.50000000001,177192.71999999147,,,,,,
1516453200,1,0.0,6.3,,,,,,
1513648800,4072,8688.020000000004,40640.78000000024,,,,,,
1510671600,26770,47606.299999999865,288734.99999995396,,,,,,
1512093600,7042,13744.81,66768.240000003,,,,,,
1512586800,34595,57672.909999999894,371419.58999993134,,,,,,
1512288000,11237,23135.830000000045,108621.72000000744,,,,,,
1511578800,7355,14458.819999999994,68103.43000000312,,,,,,
1512216000,30321,45600.629999999874,277402.0699999501,,,,,,
1513004400,29056,52414.400000000496,293636.7799999511,,,,,,
1512223200,30089,47288.9,288144.31999994785,,,,,,
1511100000,29342,52565.87999999998,282596.6999999504,,,,,,
1510675200,23525,43647.889999999934,280023.12999996287,,,,,,
1513882800,34736,52566.88,333065.1799999339,,,,,,
1510848000,22940,45440.94999999994,294746.42999996064,,,,,,
1512918000,30218,56725.90000000008,312480.87999994424,,,,,,
1509944400,5530,17405.49000000004,77218.88000000271,,,,,,
1512950400,8181,22728.090000000004,99811.27000000523,,,,,,
1509811200,28240,44284.35999999997,259211.5399999561,,,,,,
1230807600,2,2.13,31.14,,,,,,
1525107600,3,4.15,30.36,,,,,,
1509339600,5504,14356.069999999983,65336.020000002216,,,,,,
1513328400,28445,45460.33999999997,283968.139999955,,,,,,
1513472400,28228,47625.66,256492.29999996274,,,,,,
1514559600,29641,46316.780000000224,271025.1399999489,,,,,,
1509714000,25058,47415.74999999962,282017.4099999582,,,,,,
1510750800,25686,49225.88999999988,302324.07999995496,,,,,,
1512777600,31791,60806.339999999764,335449.3499999387,,,,,,
1513256400,27158,48148.44000000018,301841.5399999504,,,,,,
1513285200,34780,68304.3499999998,403525.1699999285,,,,,,
1509292800,25020,44304.5800000002,245643.75999996648,,,,,,
1512003600,7594,14908.599999999931,73620.63000000324,,,,,,
1511049600,27872,47126.70999999988,260593.0299999615,,,,,,
1511316000,5184,10226.529999999982,48983.97000000101,,,,,,
1513879200,34819,52654.620000000185,346682.8999999296,,,,,,
1511481600,8442,14766.219999999968,68899.47000000393,,,,,,
1514566800,28227,43191.330000000184,272194.8199999502,,,,,,
1510945200,37056,61106.650000000125,381103.73999991897,,,,,,
1509253200,6056,16305.479999999981,71907.8800000025,,,,,,
1511611200,24698,40897.74000000001,211206.08999997406,,,,,,
978390000,1,0.56,11.8,,,,,,
1514145600,18216,26633.930000000084,142878.82000000635,,,,,,
1513051200,2681,7754.059999999991,33598.94999999965,,,,,,
1510228800,25665,45787.240000000165,285621.8499999566,,,,,,
1512302400,30215,51729.91999999993,275645.77999995433,,,,,,
1510988400,10325,22031.53,102180.39000000684,,,,,,
1509962400,22168,40630.5199999999,242033.21999997032,,,,,,
1509555600,28843,49094.740000000165,323042.95999994624,,,,,,
1512439200,3280,6761.990000000021,32350.17999999937,,,,,,
1510808400,5649,15577.29,70560.09000000247,,,,,,
1511964000,25791,49306.50999999992,292306.639999953,,,,,,
1511319600,3548,8136.279999999998,37634.099999999824,,,,,,
1509890400,27842,54509.05999999993,285946.8499999543,,,,,,
1513350000,26266,43946.18999999971,301209.8199999491,,,,,,
1511881200,26130,47071.44999999994,280633.75999995647,,,,,,
1514703600,4516,12567.170000000013,54648.23000000149,,,,,,
1514530800,10677,19942.749999999956,96682.09000000662,,,,,,
1514487600,27648,40578.90999999989,255593.6099999585,,,,,,
1511744400,4177,12927.619999999995,55426.5400000012,,,,,,
1512910800,30393,52308.829999999754,291211.80999994744,,,,,,
1513558800,4930,10624.450000000006,49202.17000000116,,,,,,
1510977600,8783,19585.16999999998,90744.72000000485,,,,,,
1513515600,31623,51797.65000000021,287545.77999994927,,,,,,
1512496800,33860,50775.990000000165,365387.5499999296,,,,,,
1514106000,11579,18468.65000000005,90115.26000000733,,,,,,
1509210000,30259,48333.64999999995,282339.7699999473,,,,,,
1514008800,5204,16216.180000000028,69750.78000000287,,,,,,
1511571600,11915,20893.56000000004,101955.87000000713,,,,,,
1511892000,32968,52819.70999999983,342877.3399999374,,,,,,
1512489600,24143,45490.17999999995,293576.8099999595,,,,,,
1511474400,16615,27117.659999999967,134834.18000000945,,,,,,
1509490800,21025,38791.5099999999,208870.98999997825,,,,,,
1514012400,6708,16063.430000000006,71711.59000000345,,,,,,
1512025200,24794,39820.10000000013,227764.8299999734,,,,,,
1514160000,10725,18875.570000000058,91599.11000000687,,,,,,
1514649600,24420,41089.5500000001,216431.39999997182,,,,,,
1514286000,21131,32889.74000000007,175774.36999998856,,,,,,
1514142000,19890,28871.749999999938,152843.70000000155,,,,,,
1512356400,2116,5335.920000000005,23340.42999999967,,,,,,
1512068400,33227,56551.12000000003,357046.66999993456,,,,,,
1514016000,10514,18701.71000000001,91065.63000000648,,,,,,
1510948800,33045,56078.279999999635,326318.68999993865,,,,,,
1510066800,30090,48473.03999999991,310756.72999994125,,,,,,
1511308800,13197,27059.05999999999,133789.52000000773,,,,,,
1509350400,27240,44770.42999999981,272852.1099999572,,,,,,
1509876000,22472,38101.00000000002,192127.9199999826,,,,,,
1509357600,22641,38654.76,230876.3799999702,,,,,,
1509462000,26266,43123.79999999976,270338.99999995925,,,,,,
1512014400,3026,8088.660000000003,36298.00999999978,,,,,,
1512316800,26566,53812.93000000004,292577.6399999565,,,,,,
1513249200,26565,42885.05000000033,278607.5099999574,,,,,,
1511445600,18946,34119.41,172389.51999999187,,,,,,
1514052000,30336,40811.14000000005,243141.2299999554,,,,,,
1511398800,11374,20011.250000000025,98018.21000000693,,,,,,
1513962000,28240,45084.26999999994,279946.88999994943,,,,,,
1511161200,22574,37710.249999999985,208481.60999997894,,,,,,
1511618400,25863,45777.24000000011,237441.97999996442,,,,,,
1509256800,5259,16325.040000000025,68994.41000000262,,,,,,
1513605600,27042,48869.260000000075,277580.5199999542,,,,,,
1513274400,32774,51774.95999999982,372908.45999993116,,,,,,
1511107200,27202,52047.629999999874,281189.46999995754,,,,,,
1513911600,6111,13388.61,63417.45000000218,,,,,,
1509379200,24698,43411.6099999999,263699.6299999621,,,,,,
1509469200,25990,42373.27000000011,279938.4099999589,,,,,,
1512453600,12935,25415.51000000012,124843.82000000872,,,,,,
1511373600,30271,47443.629999999874,301588.2999999417,,,,,,
1512244800,30206,45217.469999999834,281498.9099999497,,,,,,
1509742800,34303,58244.379999999954,332377.519999935,,,,,,
1513018800,31548,52718.98999999963,317462.47999994474,,,,,,
1513368000,32830,50938.69000000032,308425.919999942,,,,,,
1514509200,8918,17440.719999999998,83518.59000000465,,,,,,
1511193600,24543,42821.4,273297.1599999589,,,,,,
1512061200,28961,49754.15000000032,331731.31999994675,,,,,,
1514340000,3132,6451.230000000001,29892.72999999936,,,,,,
1511967600,25271,44361.93000000018,276129.2599999593,,,,,,
1510866000,36214,70056.28999999954,390047.0999999291,,,,,,
1510999200,26860,41431.86000000022,225576.2399999686,,,,,,
1513105200,32997,51590.16000000038,337564.58999993943,,,,,,
1511690400,19817,36256.320000000014,178290.70999999042,,,,,,
1510218000,25634,42215.07000000036,273049.929999962,,,,,,
1510124400,24966,40902.1200000002,233001.55999997212,,,,,,
1509717600,28185,54649.94000000002,322673.1899999437,,,,,,
1509375600,25923,45536.20999999991,262392.2599999575,,,,,,
1514275200,12416,22437.019999999986,112915.2000000086,,,,,,
1512208800,25819,39088.639999999934,219991.35999997274,,,,,,
1509559200,33770,56349.56999999988,368092.2399999285,,,,,,
1510423200,32879,48255.700000000055,311435.05999993626,,,,,,
1509854400,6614,15697.410000000007,69646.82000000318,,,,,,
1510578000,23498,45593.640000000036,257679.53999996555,,,,,,
1510606800,27958,54405.81999999996,284547.31999995897,,,,,,
1512334800,20172,41471.6899999996,207737.359999982,,,,,,
1513501200,17284,29124.130000000263,142697.99000000514,,,,,,
1511082000,17499,29465.700000000063,147185.0600000022,,,,,,
1509915600,21014,45329.739999999816,218699.83999997945,,,,,,
1513742400,3553,11362.800000000017,49814.62000000069,,,,,,
1513508400,28393,42242.55000000002,234756.56999996712,,,,,,
1512619200,3312,9391.200000000008,42071.72000000016,,,,,,
1509440400,25204,37899.590000000135,243842.02999996825,,,,,,
1511362800,27356,43341.539999999884,280300.1999999525,,,,,,
1513548000,18318,35691.83999999997,178698.62999998988,,,,,,
1510272000,19907,39638.1299999999,205512.0599999817,,,,,,
1509282000,33251,51010.74999999988,289817.1999999398,,,,,,
1511996400,22579,44538.60999999995,227858.88999997475,,,,,,
1510398000,25963,37011.19999999995,236185.2099999685,,,,,,
1514134800,23826,34588.20999999995,190986.6799999818,,,,,,
1512694800,14409,28626.679999999862,145198.5100000029,,,,,,
1511920800,3732,7680.750000000004,36026.81999999977,,,,,,
1509177600,15101,28435.899999999925,139126.7600000058,,,,,,
1511514000,12993,19982.63999999999,100741.88000000805,,,,,,
1510207200,13509,28053.85999999997,136771.04000000685,,,,,,
1512504000,35860,59470.50000000043,363291.9699999293,,,,,,
1511096400,29501,48187.00999999986,262769.32999995514,,,,,,
1513994400,12248,22517.51000000008,109554.0400000081,,,,,,
1512043200,25255,42977.629999999896,273471.49999996077,,,,,,
1511553600,20244,31250.42999999995,170322.89999999412,,,,,,
1510419600,28797,48255.61000000006,296553.289999948,,,,,,
1511805600,30422,51929.10999999965,322368.13999994204,,,,,,
1513738800,3453,8668.080000000007,40679.530000000115,,,,,,
1514498400,22804,40579.47999999978,214017.14999997657,,,,,,
1509519600,23504,39947.17000000012,230007.80999997363,,,,,,
1509314400,14151,32592.169999999922,152187.15000000017,,,,,,
1510534800,4090,9018.589999999987,41118.13000000037,,,,,,
1511438400,17272,30374.77000000001,156556.0899999986,,,,,,
1511661600,14005,24684.660000000033,120440.99000000859,,,,,,
1513692000,28279,49726.79999999996,299286.0199999492,,,,,,
1510315200,28357,48274.780000000224,302032.03999994736,,,,,,
1509879600,25304,39915.68999999993,209636.0999999766,,,,,,
1230714000,1,3.01,18.96,,,,,,
1512568800,28645,54438.18999999986,329294.73999994056,,,,,,
1510592400,29714,52539.83999999975,328136.23999994504,,,,,,
1514314800,23399,38150.21999999998,220076.52999997238,,,,,,
1511280000,22918,43613.1299999999,285485.07999996026,,,,,,
1513209600,18838,40659.48000000008,207512.19999998427,,,,,,
1512565200,25777,48672.350000000086,295503.34999995434,,,,,,
1510099200,10469,22093.01999999999,106331.21000000644,,,,,,
1511150400,2525,7355.04,32122.33999999958,,,,,,
1510056000,25875,42664.70000000005,266481.7299999605,,,,,,
1230782400,4,3.58,21.4,,,,,,
1513641600,12682,26479.029999999995,126684.8200000084,,,,,,
1510192800,4602,9443.70999999998,44905.64000000072,,,,,,
1514746800,25898,39761.529999999875,210781.4099999732,,,,,,
1514440800,8126,17348.729999999978,80164.36000000463,,,,,,
1042502400,1,0.0,2.3,,,,,,
1511924400,2614,5742.079999999992,27135.56999999959,,,,,,
1523260800,1,3.34,17.02,,,,,,
1509775200,6278,16793.200000000008,74472.43000000392,,,,,,
1514077200,10003,18326.34000000001,89111.42000000598,,,,,,
1514581200,24047,43827.109999999964,230082.73999997004,,,,,,
1514304000,25598,44093.12000000002,258822.9399999595,,,,,,
1513587600,24002,41970.860000000124,253468.9699999677,,,,,,
1512514800,22589,48091.68999999984,245815.3099999725,,,,,,
1510473600,12192,25294.489999999903,118419.77000000767,,,,,,
1513670400,26751,40073.289999999724,247903.2099999664,,,,,,
1513479600,17573,32227.340000000062,160260.14999999813,,,,,,
1511042400,29814,48568.57999999992,278662.17999995593,,,,,,
1511460000,16703,25561.63000000005,124940.52000001275,,,,,,
1514408400,24646,45868.490000000165,235505.57999996835,,,,,,
1512363600,5235,16198.419999999995,71361.20000000218,,,,,,
1512921600,28222,54613.38999999961,299421.1499999523,,,,,,
1513972800,24448,38397.419999999845,217335.20999997255,,,,,,
1513555200,8176,17941.250000000044,82729.06000000474,,,,,,
1512954000,4495,10628.110000000006,48348.9400000013,,,,,,
1509922800,12377,32251.030000000028,145892.08000000272,,,,,,
1514332800,8710,18928.419999999987,87515.97000000559,,,,,,
1512108000,12851,27474.14000000005,133547.30000000788,,,,,,
1514268000,6539,14353.550000000027,64968.09000000285,,,,,,
1510408800,26080,44241.809999999954,271183.34999995923,,,,,,
1513288800,33610,73087.91999999987,414816.7599999288,,,,,,
1509584400,6884,15006.780000000032,70726.19000000335,,,,,,
1514307600,25917,43012.160000000025,255494.85999996032,,,,,,
1513900800,20182,38667.669999999816,199662.5899999838,,,,,,
1511751600,1892,4933.340000000003,21789.76999999969,,,,,,
1510844400,26439,47562.5500000001,301723.87999995,,,,,,
1521421200,1,0.76,7.8,,,,,,
1512306000,30772,54616.99999999988,293628.2999999484,,,,,,
1230800400,2,9.67,39.6,,,,,,
1510225200,24791,41665.94000000018,271542.97999996226,,,,,,
1511348400,25248,37999.89000000005,242948.31999996444,,,,,,
1509368400,22865,42566.33000000023,234363.55999996985,,,,,,
1509804000,30293,49684.00000000022,283803.2599999485,,,,,,
1509325200,4795,16427.85000000001,67446.660000002,,,,,,
1511697600,24775,43668.470000000096,225339.5499999702,,,,,,
1512662400,23463,48430.94000000006,309603.0299999572,,,,,,
1511733600,14980,37544.85999999992,174337.19999999364,,,,,,
1519880400,1,6.51,23.3,,,,,,
1513958400,25176,42253.46999999987,265607.2299999609,,,,,,
1510016400,5162,11617.87,53796.07000000172,,,,,,
1509166800,5007,14690.829999999949,63623.90000000192,,,,,,
1511953200,22666,36936.67000000005,236833.62999997239,,,,,,
1510574400,23180,42675.299999999916,250074.26999996608,,,,,,
1511247600,22920,36442.630000000056,207341.04999997863,,,,,,
1511136000,7546,19728.360000000048,87036.09000000442,,,,,,
1511164800,26256,41267.109999999964,257503.97999996546,,,,,,
1514257200,1417,3678.8099999999986,15270.039999999875,,,,,,
1514444400,11404,20485.520000000062,100704.04000000683,,,,,,
1509595200,2693,7695.680000000001,34259.829999999725,,,,,,
1510704000,11787,24553.75,120454.2700000075,,,,,,
1514131200,23345,34143.87000000012,188782.18999998254,,,,,,
1511226000,5511,11163.910000000014,52970.58000000153,,,,,,
1512140400,28581,48026.68000000012,306011.7499999449,,,,,,
1512464400,26540,41511.730000000214,271603.35999996105,,,,,,
1510279200,7487,14178.03000000004,68927.50000000307,,,,,,
1513310400,5238,13984.739999999993,63201.010000001625,,,,,,
1511452800,18127,32004.810000000096,154726.27000000002,,,,,,
1509699600,24762,41420.43999999982,266166.7299999622,,,,,,
1516194000,2,3.33,25.55,,,,,,
1513825200,4092,9640.830000000013,45387.87000000038,,,,,,
1512543600,25477,43179.709999999846,243553.419999968,,,,,,
1512212400,28402,42096.29000000016,254795.899999958,,,,,,
1509483600,28226,50119.22000000003,277359.65999995533,,,,,,
1511827200,9181,21889.819999999963,101315.58000000553,,,,,,
1513522800,29622,50888.36999999987,286079.9399999512,,,,,,
1512828000,32845,47026.06999999959,285849.8599999465,,,,,,
1509901200,24355,50506.36999999993,272541.68999996036,,,,,,
1512367200,13027,28580.97999999997,136411.33000000642,,,,,,
1510297200,22460,38732.66000000002,216113.4699999766,,,,,,
1514476800,26805,44208.700000000164,279509.6299999529,,,,,,
1510038000,22794,38460.26000000008,215296.51999997915,,,,,,
1510628400,2087,4883.930000000009,22257.9599999997,,,,,,
1510120800,13558,25401.38000000001,127377.82000000955,,,,,,
1512342000,11952,27553.32999999983,129206.34000000787,,,,,,
1511636400,29559,47416.7300000001,265146.48999995424,,,,,,
1510812000,15294,29897.630000000045,150828.51000000176,,,,,,
1512576000,24390,47715.499999999716,312058.8099999548,,,,,,
1510992000,15873,29074.95999999993,144002.57000000338,,,,,,
1510002000,29376,57011.09000000006,293095.4999999569,,,,,,
1514113200,19121,25558.340000000186,136652.16000001016,,,,,,
1510009200,16333,35482.51999999985,170519.7999999944,,,,,,
1513720800,32092,61694.24000000041,326162.2499999416,,,,,,
1514214000,17904,32076.159999999927,155827.23999999926,,,,,,
1513242000,28001,43578.66000000007,277129.4099999609,,,,,,
1509778800,10868,22331.899999999907,106263.56000000736,,,,,,
1230825600,1,2.21,15.36,,,,,,
1511168400,24218,39845.29999999998,248798.729999967,,,,,,
1510711200,3937,8382.25000000001,40014.74000000019,,,,,,
1510858800,35166,57886.930000000255,363395.1399999289,,,,,,
1509678000,4508,9163.669999999996,43512.88000000043,,,,,,
1511330400,12900,26334.520000000084,131268.56000000954,,,,,,
1511344800,22868,36560.660000000185,225398.5599999725,,,,,,
1510189200,7337,15005.129999999983,73561.67000000326,,,,,,
1514181600,2643,9727.990000000002,39302.360000000124,,,,,,
1512741600,30189,56711.46000000006,338137.4899999351,,,,,,
1509512400,5938,15584.68999999998,71011.90000000282,,,,,,
1514098800,5174,13376.020000000019,57485.46000000193,,,,,,
1510743600,24549,40161.910000000185,269844.0899999629,,,,,,
1511218800,16775,34247.35999999981,167878.93999999593,,,,,,
1513303200,11012,22025.45000000002,111173.5100000065,,,,,,
1510102800,5459,10651.009999999984,51224.330000001486,,,,,,
1514563200,27195,44971.08,279393.9899999514,,,,,,
1510322400,31346,56835.17999999986,343188.7999999314,,,,,,
1511143200,2734,6163.580000000004,27822.99999999938,,,,,,
1513137600,2901,7858.710000000001,34925.819999999636,,,,,,
1514700000,3289,11158.099999999993,45101.3400000007,,,,,,
1509872400,15833,28223.080000000034,139580.43000000634,,,,,,
1512849600,30150,42299.78000000002,260803.68999995448,,,,,,
1513875600,29613,47409.52999999979,706020.230000222,,,,,,
1512410400,33265,54286.980000000185,346145.4899999369,,,,,,
1510084800,33532,57720.25999999984,331480.65999994084,,,,,,
1513886400,31153,52109.24999999983,298131.37999994995,,,,,,
1510135200,24068,39574.36000000022,254287.8999999675,,,,,,
1512900000,26183,41752.970000000096,213170.3499999732,,,,,,
1513306800,6661,14542.929999999993,70717.02000000297,,,,,,
1512676800,34466,61773.41999999982,358908.159999935,,,,,,
1512864000,30209,52608.53000000001,273524.7699999555,,,,,,
1511992800,30301,56858.649999999725,305109.13999994943,,,,,,
1511215200,25182,47423.08000000015,244651.829999969,,,,,,
1509710400,25398,43826.13000000001,275926.1799999587,,,,,,
1514653200,25058,39163.90000000008,214843.5799999728,,,,,,
1510308000,25856,42156.08000000018,264876.93999996106,,,,,,
1510524000,16980,39701.350000000064,186855.01999998983,,,,,,
1513944000,28740,44809.130000000056,264929.1099999558,,,,,,
1509634800,26593,50240.850000000086,309429.819999947,,,,,,
1510452000,20954,34673.989999999954,180126.42999998972,,,,,,
1510434000,29458,44898.00000000002,267740.3899999578,,,,,,
1514322000,21749,40323.39999999999,203597.7199999816,,,,,,
1511668800,7385,17743.329999999994,78432.3100000039,,,,,,
1510538400,2634,5616.629999999993,25151.78999999952,,,,,,
1510898400,13465,29153.72000000009,140392.2700000057,,,,,,
1511589600,4062,11181.25999999998,48157.160000001124,,,,,,
1509721200,27021,50324.170000000115,304059.80999994365,,,,,,
1510930800,28418,49378.740000000165,304505.2199999465,,,,,,
1509796800,31736,45997.539999999855,272810.33999994904,,,,,,
1510380000,5325,14974.630000000005,66794.2300000026,,,,,,
1510758000,27394,50498.98000000004,311755.41999994795,,,,,,
1511582400,5668,13085.680000000006,58054.390000001884,,,,,,
1512892800,11514,23049.090000000044,109276.94000000732,,,,,,
1513314000,5552,15869.11,72716.72000000246,,,,,,
1512374400,26430,44614.46999999989,274489.9099999607,,,,,,
1509199200,29981,49998.629999999874,278180.7199999469,,,,,,
1514588400,22163,41319.95,210872.59999997728,,,,,,
1513033200,19935,42717.00000000017,208120.97999998296,,,,,,
1511017200,30412,48882.70999999985,294728.7599999469,,,,,,
1513011600,29383,49641.21000000022,313211.36999994755,,,,,,
1510779600,33593,67053.10000000024,360113.1999999379,,,,,,
1512280800,4626,14492.740000000014,61813.27000000209,,,,,,
1513998000,9237,19347.03999999999,89931.02000000523,,,,,,
1512612000,5708,11373.419999999973,55212.21000000162,,,,,,
1511679600,6446,19700.339999999982,83642.49000000332,,,,,,
1511917200,6173,12023.269999999973,57464.04000000197,,,,,,
1513868400,29248,47905.94000000007,299930.4999999461,,,,,,
1511337600,26443,38805.89999999992,248667.50999996546,,,,,,
1512266400,23105,37784.5500000001,199524.5999999818,,,,,,
1509681600,3943,10829.40999999999,47880.30000000064,,,,,,
1512561600,26405,45509.989999999816,290943.70999995386,,,,,,
1511485200,5294,8916.34999999999,42696.90000000049,,,,,,
1512162000,34057,58961.360000000095,338272.4399999375,,,,,,
1513162800,27333,42110.26999999995,286318.50999995467,,,,,,
1514059200,19318,29575.570000000014,162459.32999999638,,,,,,
1513836000,12042,26353.67999999989,125483.99000000836,,,,,,
1512633600,29648,47732.38999999991,300997.22999995365,,,,,,
1514311200,26693,43001.05000000009,257382.2499999581,,,,,,
1510826400,24831,42510.07999999981,262849.11999996373,,,,,,
1513584000,26012,41928.259999999966,254649.9699999668,,,,,,
1514199600,13800,22336.780000000035,108257.91000000892,,,,,,
1511298000,28878,52684.18999999984,296558.5799999513,,,,,,
1510923600,26129,50825.99000000019,292314.1399999543,,,,,,
1514757600,22585,36479.94,193215.17999998239,,,,,,
1514638800,24051,35098.07999999995,198239.58999997968,,,,,,
1514692800,5904,13773.539999999995,61359.60000000236,,,,,,
1512046800,25539,50316.320000000094,297160.80999995425,,,,,,
1511841600,2199,6721.209999999999,29004.959999999628,,,,,,
1512716400,24036,42147.729999999814,232262.5999999734,,,,,,
1509534000,23388,38902.14999999999,261111.6399999632,,,,,,
1509336000,2666,8066.100000000017,34419.71999999971,,,,,,
1510682400,33695,52668.929999999535,356090.2899999325,,,,,,
1510725600,13459,27251.379999999965,135049.51000000804,,,,,,
1513227600,5243,14518.370000000017,66518.72000000205,,,,,,
1512057600,24002,46971.990000000194,298539.93999995827,,,,,,
1511622000,26964,47340.16000000004,252646.92999995954,,,,,,
1514592000,18624,33354.98999999989,168460.19999999454,,,,,,
1510351200,34761,59739.56999999983,336775.8499999338,,,,,,
1512802800,8865,20194.76000000005,91212.6700000058,,,,,,
1510754400,26924,51907.15999999991,310909.8399999466,,,,,,
1514725200,24418,37654.94000000006,202081.83999997785,,,,,,
1513688400,26549,44765.36999999995,274071.67999995645,,,,,,
1512442800,2108,4699.64000000001,21516.03999999965,,,,,,
1514656800,25859,37542.820000000014,211734.7899999721,,,,,,
1513224000,3269,9278.940000000011,41661.6700000002,,,,,,
1509296400,25397,45573.46000000028,248735.5299999605,,,,,,
1509620400,24277,41915.889999999934,263358.859999963,,,,,,
1510203600,5062,15236.999999999976,67936.45000000212,,,,,,
1510632000,2485,7017.570000000013,31605.079999999598,,,,,,
1514383200,26993,45274.59999999988,259622.51999995532,,,,,,
1513396800,9223,21173.780000000028,97214.06000000557,,,,,,
1513987200,18755,35577.84999999982,177397.15999999046,,,,,,
1511391600,19597,34433.489999999925,177727.6499999889,,,,,,
1513818000,10553,21124.470000000067,102863.36000000627,,,,,,
1511658000,16236,27836.65999999997,139697.03000000634,,,,,,
1513789200,28858,45459.170000000115,311549.01999994763,,,,,,
1513450800,37038,52652.13999999995,328421.88999992853,,,,,,
1510484400,26717,42375.12999999977,227043.54999996984,,,,,,
1512522000,6687,13425.969999999988,65864.21000000242,,,,,,
1513332000,26865,45509.32000000031,284275.889999953,,,,,,
1514239200,14212,27096.100000000024,129631.93000000955,,,,,,
1510052400,24893,39309.08999999991,253586.7899999638,,,,,,
1509919200,17493,39345.65000000023,185586.10999998823,,,,,,
1512360000,2575,7801.729999999998,33024.67999999957,,,,,,
1511294400,28067,49838.680000000066,286266.91999995604,,,,,,
1509307200,20716,38404.57000000018,197070.49999998405,,,,,,
1512298800,27460,44227.48000000002,235848.60999996692,,,,,,
1509930000,4652,14357.50999999998,60594.14000000213,,,,,,
1514358000,10215,19293.050000000043,95385.21000000619,,,,,,
1512896400,18166,30650.519999999986,149880.47000000247,,,,,,
1512691200,24076,49577.33999999994,257682.88999996922,,,,,,
1513504800,25295,40521.7100000001,208300.2499999745,,,,,,
1513666800,23091,37863.8599999999,209674.8499999804,,,,,,
1511442000,17679,31309.66999999997,159577.77999999773,,,,,,
1509548400,26501,47913.08000000024,296353.35999994964,,,,,,
1512874800,13179,24283.140000000054,118908.80000000785,,,,,,
1510984800,7510,20941.250000000025,91984.11000000476,,,,,,
1509264000,10901,23229.47000000003,108134.15000000682,,,,,,
1513083600,27114,46651.909999999785,293472.2999999554,,,,,,
1512230400,26812,39925.210000000174,245191.6999999623,,,,,,
1509814800,31889,52085.48000000013,295853.9399999415,,,,,,
1509613200,25703,39969.63999999986,262400.07999996486,,,,,,
1512615600,3416,7573.260000000012,35396.049999999705,,,,,,
1512730800,26272,43670.18000000031,277757.53999995545,,,,,,
1509861600,6578,19834.71999999996,83376.38000000341,,,,,,
1510495200,28960,55815.450000000186,295637.8199999482,,,,,,
1511492400,2522,4986.199999999996,22665.72999999961,,,,,,
1514095200,3507,11371.040000000012,47914.39000000087,,,,,,
1512205200,21494,32986.70000000005,175447.26999999007,,,,,,
1513015200,33941,55534.31999999966,348593.11999993393,,,,,,
1513634400,28181,52528.24000000007,268269.94999996165,,,,,,
1510174800,34109,66007.02999999987,361197.739999936,,,,,,
1511251200,26562,40910.27000000033,256845.059999965,,,,,,
1509152400,24829,41749.11000000007,225081.07999997275,,,,,,
1513702800,27930,44060.63999999991,302693.3399999489,,,,,,
1510599600,29855,52319.98999999983,306141.63999994786,,,,,,
1509285600,31542,52572.079999999725,293832.4899999409,,,,,,
1510344000,34672,55959.170000000144,334627.46999993303,,,,,,
1510369200,12307,22398.340000000033,111456.41000000748,,,,,,
1509156000,20934,35478.3299999998,188364.26999998672,,,,,,
1509382800,29781,51537.96000000028,310491.9199999458,,,,,,
1514764800,44,91.6,626.5,,,,,,
1509303600,22549,38010.940000000046,198037.7999999818,,,,,,
1511013600,34199,52418.41000000034,311923.2599999344,,,,,,
1512637200,27364,45349.77999999988,292951.2799999554,,,,,,
1511002800,28476,42216.78000000026,241165.0199999624,,,,,,
1511434800,16317,26015.519999999917,137302.6500000073,,,,,,
1511409600,5571,14690.63000000002,64987.81000000197,,,,,,
1510585200,26427,47211.350000000195,275640.5499999581,,,,,,
1513069200,26373,41894.02999999972,269482.959999962,,,,,,
1509793200,30023,42075.12000000029,244295.52999995928,,,,,,
1511560800,22839,34746.94000000002,188304.3399999834,,,,,,
1511010000,34456,52024.72999999993,308612.969999936,,,,,,
1512885600,4748,15922.750000000005,66145.12000000218,,,,,,
1510293600,12880,28136.810000000005,135535.10000000696,,,,,,
1513335600,27997,44276.86000000004,289746.01999994967,,,,,,
1509786000,23069,35999.179999999935,201249.7399999778,,,,,,
1511060400,15852,29025.94999999992,143638.03000000375,,,,,,
1511420400,8028,16859.92999999995,80482.19000000402,,,,,,
1514682000,13302,23889.69999999996,117711.22000000885,,,,,,
1513929600,22127,34284.01,196193.65999998405,,,,,,
1510963200,28187,50797.99999999983,278480.8599999559,,,,,,
1512788400,12788,24835.33000000001,121024.13000000814,,,,,,
1514466000,29251,43597.15999999998,258980.60999995482,,,,,,
1509580800,13137,28160.940000000053,137069.80000000552,,,,,,
1512450000,4980,13370.329999999984,60037.67000000188,,,,,,
1510365600,17218,30350.379999999976,155501.52999999947,,,,,,
1512039600,24482,40775.89000000003,263838.34999996243,,,,,,
1510934400,24499,45644.51999999967,294232.5299999559,,,,,,
1514613600,4133,12836.52,53113.230000001466,,,,,,
1511802000,26329,46434.8399999997,289479.8099999566,,,,,,
1514545200,24025,35407.669999999955,204584.1999999769,,,,,,
1512838800,32300,49087.44000000009,298432.0799999435,,,,,,
1514055600,24212,33317.45999999997,193196.76999998398,,,,,,
1521417600,1,1.78,14.3,,,,,,
1514599200,11271,19930.040000000008,98218.19000000674,,,,,,
1511175600,22612,35099.730000000025,219266.40999997497,,,,,,
1510938000,29153,50998.55000000012,330402.1799999418,,,,,,
1510077600,34722,52070.810000000165,349486.4699999304,,,,,,
1514350800,3355,9940.110000000032,41995.06000000044,,,,,,
